mlid,firstname,surname,party,PublicWhip URL
41744,John,[Missing last name for 41744],Lab,https://www.publicwhip.org.uk/mp.php?mpid=41744
41707,Diane,Abbott,Lab,https://www.publicwhip.org.uk/mp.php?mpid=41707
42461,Diane,Abbott,Lab,https://www.publicwhip.org.uk/mp.php?mpid=42461
41713,Debbie,Abrahams,Lab,https://www.publicwhip.org.uk/mp.php?mpid=41713
42497,Debbie,Abrahams,Lab,https://www.publicwhip.org.uk/mp.php?mpid=42497
41699,Nigel,Adams,Con,https://www.publicwhip.org.uk/mp.php?mpid=41699
42560,Nigel,Adams,Con,https://www.publicwhip.org.uk/mp.php?mpid=42560
41725,Bim,Afolami,Con,https://www.publicwhip.org.uk/mp.php?mpid=41725
42559,Bim,Afolami,Con,https://www.publicwhip.org.uk/mp.php?mpid=42559
41732,Adam,Afriyie,Con,https://www.publicwhip.org.uk/mp.php?mpid=41732
42528,Adam,Afriyie,Con,https://www.publicwhip.org.uk/mp.php?mpid=42528
42205,Nickie,Aiken,Con,https://www.publicwhip.org.uk/mp.php?mpid=42205
42000,Peter,Aldous,Con,https://www.publicwhip.org.uk/mp.php?mpid=42000
42611,Peter,Aldous,Con,https://www.publicwhip.org.uk/mp.php?mpid=42611
41682,Heidi,Alexander,Lab,https://www.publicwhip.org.uk/mp.php?mpid=41682
41750,Rushanara,Ali,Lab,https://www.publicwhip.org.uk/mp.php?mpid=41750
42597,Rushanara,Ali,Lab,https://www.publicwhip.org.uk/mp.php?mpid=42597
42503,Tahir,Ali,Lab,https://www.publicwhip.org.uk/mp.php?mpid=42503
41701,Lucy,Allan,Con,https://www.publicwhip.org.uk/mp.php?mpid=41701
42202,Lucy,Allan,Con,https://www.publicwhip.org.uk/mp.php?mpid=42202
41534,Heidi,Allen,Con,https://www.publicwhip.org.uk/mp.php?mpid=41534
42040,Heidi,Allen,Independent,https://www.publicwhip.org.uk/mp.php?mpid=42040
41400,Rosena,Allin-Khan,Lab,https://www.publicwhip.org.uk/mp.php?mpid=41400
42250,Rosena,Allin-Khan,Lab,https://www.publicwhip.org.uk/mp.php?mpid=42250
42001,Mike,Amesbury,Lab,https://www.publicwhip.org.uk/mp.php?mpid=42001
42437,Mike,Amesbury,Lab,https://www.publicwhip.org.uk/mp.php?mpid=42437
41522,David,Amess,Con,https://www.publicwhip.org.uk/mp.php?mpid=41522
42137,David,Amess,Con,https://www.publicwhip.org.uk/mp.php?mpid=42137
42183,Fleur,Anderson,Lab,https://www.publicwhip.org.uk/mp.php?mpid=42183
42525,Lee,Anderson,Con,https://www.publicwhip.org.uk/mp.php?mpid=42525
42210,Stuart,Anderson,Con,https://www.publicwhip.org.uk/mp.php?mpid=42210
41931,Stuart,Andrew,Con,https://www.publicwhip.org.uk/mp.php?mpid=41931
42508,Stuart,Andrew,Con,https://www.publicwhip.org.uk/mp.php?mpid=42508
42229,Caroline,Ansell,Con,https://www.publicwhip.org.uk/mp.php?mpid=42229
41564,Tonia,Antoniazzi,Lab,https://www.publicwhip.org.uk/mp.php?mpid=41564
42314,Tonia,Antoniazzi,Lab,https://www.publicwhip.org.uk/mp.php?mpid=42314
41790,Edward,Argar,Con,https://www.publicwhip.org.uk/mp.php?mpid=41790
42653,Edward,Argar,Con,https://www.publicwhip.org.uk/mp.php?mpid=42653
41633,Jon,Ashworth,Lab,https://www.publicwhip.org.uk/mp.php?mpid=41633
42424,Jon,Ashworth,Lab,https://www.publicwhip.org.uk/mp.php?mpid=42424
42179,Sarah,Atherton,Con,https://www.publicwhip.org.uk/mp.php?mpid=42179
41708,Victoria,Atkins,Con,https://www.publicwhip.org.uk/mp.php?mpid=41708
42348,Victoria,Atkins,Con,https://www.publicwhip.org.uk/mp.php?mpid=42348
41816,Ian,Austin,Lab,https://www.publicwhip.org.uk/mp.php?mpid=41816
42043,Ian,Austin,Independent,https://www.publicwhip.org.uk/mp.php?mpid=42043
42498,Gareth,Bacon,Con,https://www.publicwhip.org.uk/mp.php?mpid=42498
41419,Richard,Bacon,Con,https://www.publicwhip.org.uk/mp.php?mpid=41419
42494,Richard,Bacon,Con,https://www.publicwhip.org.uk/mp.php?mpid=42494
41945,Kemi,Badenoch,Con,https://www.publicwhip.org.uk/mp.php?mpid=41945
42180,Kemi,Badenoch,Con,https://www.publicwhip.org.uk/mp.php?mpid=42180
41435,Adrian,Bailey,Lab,https://www.publicwhip.org.uk/mp.php?mpid=41435
42185,Shaun,Bailey,Con,https://www.publicwhip.org.uk/mp.php?mpid=42185
42284,Siobhan,Baillie,Con,https://www.publicwhip.org.uk/mp.php?mpid=42284
42303,Duncan,Baker,Con,https://www.publicwhip.org.uk/mp.php?mpid=42303
41512,Steven,Baker,Con,https://www.publicwhip.org.uk/mp.php?mpid=41512
42107,Steven,Baker,Con,https://www.publicwhip.org.uk/mp.php?mpid=42107
41561,Harriett,Baldwin,Con,https://www.publicwhip.org.uk/mp.php?mpid=41561
42434,Harriett,Baldwin,Con,https://www.publicwhip.org.uk/mp.php?mpid=42434
41906,Steve,Barclay,Con,https://www.publicwhip.org.uk/mp.php?mpid=41906
42474,Steve,Barclay,Con,https://www.publicwhip.org.uk/mp.php?mpid=42474
41694,Hannah,Bardell,SNP,https://www.publicwhip.org.uk/mp.php?mpid=41694
42403,Hannah,Bardell,SNP,https://www.publicwhip.org.uk/mp.php?mpid=42403
42213,Paula,Barker,Lab,https://www.publicwhip.org.uk/mp.php?mpid=42213
41381,John,Baron,Con,https://www.publicwhip.org.uk/mp.php?mpid=41381
42188,John,Baron,Con,https://www.publicwhip.org.uk/mp.php?mpid=42188
41940,Kevin,Barron,Lab,https://www.publicwhip.org.uk/mp.php?mpid=41940
42124,Simon,Baynes,Con,https://www.publicwhip.org.uk/mp.php?mpid=42124
41526,Guto,Bebb,Con,https://www.publicwhip.org.uk/mp.php?mpid=41526
42068,Guto,Bebb,Independent,https://www.publicwhip.org.uk/mp.php?mpid=42068
41811,Margaret,Beckett,Lab,https://www.publicwhip.org.uk/mp.php?mpid=41811
42553,Margaret,Beckett,Lab,https://www.publicwhip.org.uk/mp.php?mpid=42553
42655,Apsana,Begum,Lab,https://www.publicwhip.org.uk/mp.php?mpid=42655
42666,Aaron,Bell,Con,https://www.publicwhip.org.uk/mp.php?mpid=42666
41915,Henry,Bellingham,Con,https://www.publicwhip.org.uk/mp.php?mpid=41915
41726,Hilary,Benn,Lab,https://www.publicwhip.org.uk/mp.php?mpid=41726
42275,Hilary,Benn,Lab,https://www.publicwhip.org.uk/mp.php?mpid=42275
42127,Scott,Benton,Con,https://www.publicwhip.org.uk/mp.php?mpid=42127
41570,Richard,Benyon,Con,https://www.publicwhip.org.uk/mp.php?mpid=41570
42063,Richard,Benyon,Independent,https://www.publicwhip.org.uk/mp.php?mpid=42063
41711,Paul,Beresford,Con,https://www.publicwhip.org.uk/mp.php?mpid=41711
42589,Paul,Beresford,Con,https://www.publicwhip.org.uk/mp.php?mpid=42589
41519,Luciana,Berger,Lab,https://www.publicwhip.org.uk/mp.php?mpid=41519
42032,Luciana,Berger,Independent,https://www.publicwhip.org.uk/mp.php?mpid=42032
41939,Jake,Berry,Con,https://www.publicwhip.org.uk/mp.php?mpid=41939
42612,Jake,Berry,Con,https://www.publicwhip.org.uk/mp.php?mpid=42612
41573,Clive,Betts,Lab,https://www.publicwhip.org.uk/mp.php?mpid=41573
42363,Clive,Betts,Lab,https://www.publicwhip.org.uk/mp.php?mpid=42363
42311,Saqib,Bhatti,Con,https://www.publicwhip.org.uk/mp.php?mpid=42311
41446,Mhairi,Black,SNP,https://www.publicwhip.org.uk/mp.php?mpid=41446
42136,Mhairi,Black,SNP,https://www.publicwhip.org.uk/mp.php?mpid=42136
41938,Ian,Blackford,SNP,https://www.publicwhip.org.uk/mp.php?mpid=41938
42702,Ian,Blackford,SNP,https://www.publicwhip.org.uk/mp.php?mpid=42702
41857,Bob,Blackman,Con,https://www.publicwhip.org.uk/mp.php?mpid=41857
42334,Bob,Blackman,Con,https://www.publicwhip.org.uk/mp.php?mpid=42334
41514,Kirsty,Blackman,SNP,https://www.publicwhip.org.uk/mp.php?mpid=41514
42381,Kirsty,Blackman,SNP,https://www.publicwhip.org.uk/mp.php?mpid=42381
41597,Roberta,Blackman-Woods,Lab,https://www.publicwhip.org.uk/mp.php?mpid=41597
42634,Olivia,Blake,Lab,https://www.publicwhip.org.uk/mp.php?mpid=42634
41948,Paul,Blomfield,Lab,https://www.publicwhip.org.uk/mp.php?mpid=41948
42588,Paul,Blomfield,Lab,https://www.publicwhip.org.uk/mp.php?mpid=42588
41685,Crispin,Blunt,Con,https://www.publicwhip.org.uk/mp.php?mpid=41685
42291,Crispin,Blunt,Con,https://www.publicwhip.org.uk/mp.php?mpid=42291
41849,Nicholas,Boles,Con,https://www.publicwhip.org.uk/mp.php?mpid=41849
42044,Nicholas,Boles,Independent,https://www.publicwhip.org.uk/mp.php?mpid=42044
41509,Peter,Bone,Con,https://www.publicwhip.org.uk/mp.php?mpid=41509
42209,Peter,Bone,Con,https://www.publicwhip.org.uk/mp.php?mpid=42209
42359,Steven,Bonnar,SNP,https://www.publicwhip.org.uk/mp.php?mpid=42359
42013,Peter,Bottomley,Con,https://www.publicwhip.org.uk/mp.php?mpid=42013
42690,Peter,Bottomley,Con,https://www.publicwhip.org.uk/mp.php?mpid=42690
42004,Andrew,Bowie,Con,https://www.publicwhip.org.uk/mp.php?mpid=42004
42710,Andrew,Bowie,Con,https://www.publicwhip.org.uk/mp.php?mpid=42710
41745,Tracy,Brabin,Lab,https://www.publicwhip.org.uk/mp.php?mpid=41745
42641,Tracy,Brabin,Lab,https://www.publicwhip.org.uk/mp.php?mpid=42641
41889,Ben,Bradley,Con,https://www.publicwhip.org.uk/mp.php?mpid=41889
42391,Ben,Bradley,Con,https://www.publicwhip.org.uk/mp.php?mpid=42391
41657,Karen,Bradley,Con,https://www.publicwhip.org.uk/mp.php?mpid=41657
42562,Karen,Bradley,Con,https://www.publicwhip.org.uk/mp.php?mpid=42562
41838,Ben,Bradshaw,Lab,https://www.publicwhip.org.uk/mp.php?mpid=41838
42570,Ben,Bradshaw,Lab,https://www.publicwhip.org.uk/mp.php?mpid=42570
41734,Graham,Brady,Con,https://www.publicwhip.org.uk/mp.php?mpid=41734
42629,Graham,Brady,Con,https://www.publicwhip.org.uk/mp.php?mpid=42629
41785,Tom,Brake,LDem,https://www.publicwhip.org.uk/mp.php?mpid=41785
41442,Suella,Braverman,Con,https://www.publicwhip.org.uk/mp.php?mpid=41442
42115,Suella,Braverman,Con,https://www.publicwhip.org.uk/mp.php?mpid=42115
41783,Kevin,Brennan,Lab,https://www.publicwhip.org.uk/mp.php?mpid=41783
42614,Kevin,Brennan,Lab,https://www.publicwhip.org.uk/mp.php?mpid=42614
41977,Jack,Brereton,Con,https://www.publicwhip.org.uk/mp.php?mpid=41977
42548,Jack,Brereton,Con,https://www.publicwhip.org.uk/mp.php?mpid=42548
41478,Andrew,Bridgen,Con,https://www.publicwhip.org.uk/mp.php?mpid=41478
42450,Andrew,Bridgen,Con,https://www.publicwhip.org.uk/mp.php?mpid=42450
42010,Steve,Brine,Con,https://www.publicwhip.org.uk/mp.php?mpid=42010
42072,Steve,Brine,Independent,https://www.publicwhip.org.uk/mp.php?mpid=42072
42694,Steve,Brine,Con,https://www.publicwhip.org.uk/mp.php?mpid=42694
42103,Paul,Bristow,Con,https://www.publicwhip.org.uk/mp.php?mpid=42103
42430,Sara,Britcliffe,Con,https://www.publicwhip.org.uk/mp.php?mpid=42430
41827,Deidre,Brock,SNP,https://www.publicwhip.org.uk/mp.php?mpid=41827
42649,Deidre,Brock,SNP,https://www.publicwhip.org.uk/mp.php?mpid=42649
41920,James,Brokenshire,Con,https://www.publicwhip.org.uk/mp.php?mpid=41920
42400,James,Brokenshire,Con,https://www.publicwhip.org.uk/mp.php?mpid=42400
41405,Alan,Brown,SNP,https://www.publicwhip.org.uk/mp.php?mpid=41405
42358,Alan,Brown,SNP,https://www.publicwhip.org.uk/mp.php?mpid=42358
42005,Lyn,Brown,Lab,https://www.publicwhip.org.uk/mp.php?mpid=42005
42357,Lyn,Brown,Lab,https://www.publicwhip.org.uk/mp.php?mpid=42357
41374,Nick,Brown,Lab,https://www.publicwhip.org.uk/mp.php?mpid=41374
42082,Nick,Brown,Lab,https://www.publicwhip.org.uk/mp.php?mpid=42082
42318,Anthony,Browne,Con,https://www.publicwhip.org.uk/mp.php?mpid=42318
41800,Fiona,Bruce,Con,https://www.publicwhip.org.uk/mp.php?mpid=41800
42659,Fiona,Bruce,Con,https://www.publicwhip.org.uk/mp.php?mpid=42659
41507,Chris,Bryant,Lab,https://www.publicwhip.org.uk/mp.php?mpid=41507
42156,Chris,Bryant,Lab,https://www.publicwhip.org.uk/mp.php?mpid=42156
42512,Felicity,Buchan,Con,https://www.publicwhip.org.uk/mp.php?mpid=42512
41536,Karen,Buck,Lab,https://www.publicwhip.org.uk/mp.php?mpid=41536
42282,Karen,Buck,Lab,https://www.publicwhip.org.uk/mp.php?mpid=42282
41394,Robert,Buckland,Con,https://www.publicwhip.org.uk/mp.php?mpid=41394
42148,Robert,Buckland,Con,https://www.publicwhip.org.uk/mp.php?mpid=42148
41584,Richard,Burden,Lab,https://www.publicwhip.org.uk/mp.php?mpid=41584
41722,Alex,Burghart,Con,https://www.publicwhip.org.uk/mp.php?mpid=41722
42399,Alex,Burghart,Con,https://www.publicwhip.org.uk/mp.php?mpid=42399
41876,Richard,Burgon,Lab,https://www.publicwhip.org.uk/mp.php?mpid=41876
42444,Richard,Burgon,Lab,https://www.publicwhip.org.uk/mp.php?mpid=42444
41762,Conor,Burns,Con,https://www.publicwhip.org.uk/mp.php?mpid=41762
42600,Conor,Burns,Con,https://www.publicwhip.org.uk/mp.php?mpid=42600
41905,Alistair,Burt,Con,https://www.publicwhip.org.uk/mp.php?mpid=41905
42060,Alistair,Burt,Independent,https://www.publicwhip.org.uk/mp.php?mpid=42060
41766,Dawn,Butler,Lab,https://www.publicwhip.org.uk/mp.php?mpid=41766
42535,Dawn,Butler,Lab,https://www.publicwhip.org.uk/mp.php?mpid=42535
42530,Rob,Butler,Con,https://www.publicwhip.org.uk/mp.php?mpid=42530
42195,Ian,Byrne,Lab,https://www.publicwhip.org.uk/mp.php?mpid=42195
41720,Liam,Byrne,Lab,https://www.publicwhip.org.uk/mp.php?mpid=41720
42411,Liam,Byrne,Lab,https://www.publicwhip.org.uk/mp.php?mpid=42411
41609,Vincent,Cable,LDem,https://www.publicwhip.org.uk/mp.php?mpid=41609
41768,Ruth,Cadbury,Lab,https://www.publicwhip.org.uk/mp.php?mpid=41768
42567,Ruth,Cadbury,Lab,https://www.publicwhip.org.uk/mp.php?mpid=42567
41471,Alun,Cairns,Con,https://www.publicwhip.org.uk/mp.php?mpid=41471
42108,Alun,Cairns,Con,https://www.publicwhip.org.uk/mp.php?mpid=42108
42372,Amy,Callaghan,SNP,https://www.publicwhip.org.uk/mp.php?mpid=42372
41462,Lisa,Cameron,SNP,https://www.publicwhip.org.uk/mp.php?mpid=41462
42174,Lisa,Cameron,SNP,https://www.publicwhip.org.uk/mp.php?mpid=42174
41421,Alan,Campbell,Lab,https://www.publicwhip.org.uk/mp.php?mpid=41421
42119,Alan,Campbell,Lab,https://www.publicwhip.org.uk/mp.php?mpid=42119
41463,Gregory,Campbell,DUP,https://www.publicwhip.org.uk/mp.php?mpid=41463
42241,Gregory,Campbell,DUP,https://www.publicwhip.org.uk/mp.php?mpid=42241
41759,Ronnie,Campbell,Lab,https://www.publicwhip.org.uk/mp.php?mpid=41759
41620,Dan,Carden,Lab,https://www.publicwhip.org.uk/mp.php?mpid=41620
42354,Dan,Carden,Lab,https://www.publicwhip.org.uk/mp.php?mpid=42354
41922,Alistair,Carmichael,LDem,https://www.publicwhip.org.uk/mp.php?mpid=41922
42716,Alistair,Carmichael,LDem,https://www.publicwhip.org.uk/mp.php?mpid=42716
42487,Andy,Carter,Con,https://www.publicwhip.org.uk/mp.php?mpid=42487
41961,James,Cartlidge,Con,https://www.publicwhip.org.uk/mp.php?mpid=41961
42346,James,Cartlidge,Con,https://www.publicwhip.org.uk/mp.php?mpid=42346
41978,Bill,Cash,Con,https://www.publicwhip.org.uk/mp.php?mpid=41978
42577,Bill,Cash,Con,https://www.publicwhip.org.uk/mp.php?mpid=42577
42541,Miriam,Cates,Con,https://www.publicwhip.org.uk/mp.php?mpid=42541
41652,Maria,Caulfield,Con,https://www.publicwhip.org.uk/mp.php?mpid=41652
42644,Maria,Caulfield,Con,https://www.publicwhip.org.uk/mp.php?mpid=42644
41794,Alex,Chalk,Con,https://www.publicwhip.org.uk/mp.php?mpid=41794
42719,Alex,Chalk,Con,https://www.publicwhip.org.uk/mp.php?mpid=42719
42413,Wendy,Chamberlain,LDem,https://www.publicwhip.org.uk/mp.php?mpid=42413
41941,Sarah,Champion,Lab,https://www.publicwhip.org.uk/mp.php?mpid=41941
42323,Sarah,Champion,Lab,https://www.publicwhip.org.uk/mp.php?mpid=42323
41617,Douglas,Chapman,SNP,https://www.publicwhip.org.uk/mp.php?mpid=41617
42537,Douglas,Chapman,SNP,https://www.publicwhip.org.uk/mp.php?mpid=42537
41384,Jenny,Chapman,Lab,https://www.publicwhip.org.uk/mp.php?mpid=41384
41835,Bambos,Charalambous,Lab,https://www.publicwhip.org.uk/mp.php?mpid=41835
42540,Bambos,Charalambous,Lab,https://www.publicwhip.org.uk/mp.php?mpid=42540
41829,Joanna,Cherry,SNP,https://www.publicwhip.org.uk/mp.php?mpid=41829
42561,Joanna,Cherry,SNP,https://www.publicwhip.org.uk/mp.php?mpid=42561
41846,Rehman,Chishti,Con,https://www.publicwhip.org.uk/mp.php?mpid=41846
42645,Rehman,Chishti,Con,https://www.publicwhip.org.uk/mp.php?mpid=42645
41498,Christopher,Chope,Con,https://www.publicwhip.org.uk/mp.php?mpid=41498
42695,Christopher,Chope,Con,https://www.publicwhip.org.uk/mp.php?mpid=42695
41778,Jo,Churchill,Con,https://www.publicwhip.org.uk/mp.php?mpid=41778
42480,Jo,Churchill,Con,https://www.publicwhip.org.uk/mp.php?mpid=42480
41848,Colin,Clark,Con,https://www.publicwhip.org.uk/mp.php?mpid=41848
42536,Feryal,Clark,Lab,https://www.publicwhip.org.uk/mp.php?mpid=42536
41560,Greg,Clark,Con,https://www.publicwhip.org.uk/mp.php?mpid=41560
42065,Greg,Clark,Independent,https://www.publicwhip.org.uk/mp.php?mpid=42065
42517,Greg,Clark,Con,https://www.publicwhip.org.uk/mp.php?mpid=42517
41491,Kenneth,Clarke,Con,https://www.publicwhip.org.uk/mp.php?mpid=41491
42055,Kenneth,Clarke,Independent,https://www.publicwhip.org.uk/mp.php?mpid=42055
41710,Simon,Clarke,Con,https://www.publicwhip.org.uk/mp.php?mpid=41710
42233,Simon,Clarke,Con,https://www.publicwhip.org.uk/mp.php?mpid=42233
42566,Theo,Clarke,Con,https://www.publicwhip.org.uk/mp.php?mpid=42566
42367,Brendan,Clarke-Smith,Con,https://www.publicwhip.org.uk/mp.php?mpid=42367
42235,Chris,Clarkson,Con,https://www.publicwhip.org.uk/mp.php?mpid=42235
41765,James,Cleverly,Con,https://www.publicwhip.org.uk/mp.php?mpid=41765
42288,James,Cleverly,Con,https://www.publicwhip.org.uk/mp.php?mpid=42288
41638,Geoffrey,Clifton-Brown,Con,https://www.publicwhip.org.uk/mp.php?mpid=41638
42547,Geoffrey,Clifton-Brown,Con,https://www.publicwhip.org.uk/mp.php?mpid=42547
41517,Ann,Clwyd,Lab,https://www.publicwhip.org.uk/mp.php?mpid=41517
41629,Vernon,Coaker,Lab,https://www.publicwhip.org.uk/mp.php?mpid=41629
41974,Ann,Coffey,Lab,https://www.publicwhip.org.uk/mp.php?mpid=41974
42033,Ann,Coffey,Independent,https://www.publicwhip.org.uk/mp.php?mpid=42033
41673,Therese,Coffey,Con,https://www.publicwhip.org.uk/mp.php?mpid=41673
42709,Therese,Coffey,Con,https://www.publicwhip.org.uk/mp.php?mpid=42709
42633,Elliot,Colburn,Con,https://www.publicwhip.org.uk/mp.php?mpid=42633
41429,Damian,Collins,Con,https://www.publicwhip.org.uk/mp.php?mpid=41429
42142,Damian,Collins,Con,https://www.publicwhip.org.uk/mp.php?mpid=42142
42568,Daisy,Cooper,LDem,https://www.publicwhip.org.uk/mp.php?mpid=42568
41411,Julie,Cooper,Lab,https://www.publicwhip.org.uk/mp.php?mpid=41411
42006,Rosie,Cooper,Lab,https://www.publicwhip.org.uk/mp.php?mpid=42006
42258,Rosie,Cooper,Lab,https://www.publicwhip.org.uk/mp.php?mpid=42258
41902,Yvette,Cooper,Lab,https://www.publicwhip.org.uk/mp.php?mpid=41902
42426,Yvette,Cooper,Lab,https://www.publicwhip.org.uk/mp.php?mpid=42426
41651,Jeremy,Corbyn,Lab,https://www.publicwhip.org.uk/mp.php?mpid=41651
42300,Jeremy,Corbyn,Lab,https://www.publicwhip.org.uk/mp.php?mpid=42300
41957,Alberto,Costa,Con,https://www.publicwhip.org.uk/mp.php?mpid=41957
42522,Alberto,Costa,Con,https://www.publicwhip.org.uk/mp.php?mpid=42522
42012,Robert,Courts,Con,https://www.publicwhip.org.uk/mp.php?mpid=42012
42293,Robert,Courts,Con,https://www.publicwhip.org.uk/mp.php?mpid=42293
42505,Claire,Coutinho,Con,https://www.publicwhip.org.uk/mp.php?mpid=42505
41502,Ronnie,Cowan,SNP,https://www.publicwhip.org.uk/mp.php?mpid=41502
42184,Ronnie,Cowan,SNP,https://www.publicwhip.org.uk/mp.php?mpid=42184
41988,Geoffrey,Cox,Con,https://www.publicwhip.org.uk/mp.php?mpid=41988
42723,Geoffrey,Cox,Con,https://www.publicwhip.org.uk/mp.php?mpid=42723
41747,Neil,Coyle,Lab,https://www.publicwhip.org.uk/mp.php?mpid=41747
42490,Neil,Coyle,Lab,https://www.publicwhip.org.uk/mp.php?mpid=42490
41930,Stephen,Crabb,Con,https://www.publicwhip.org.uk/mp.php?mpid=41930
42533,Stephen,Crabb,Con,https://www.publicwhip.org.uk/mp.php?mpid=42533
41528,David,Crausby,Lab,https://www.publicwhip.org.uk/mp.php?mpid=41528
41619,Angela,Crawley,SNP,https://www.publicwhip.org.uk/mp.php?mpid=41619
42144,Angela,Crawley,SNP,https://www.publicwhip.org.uk/mp.php?mpid=42144
41993,Mary,Creagh,Lab,https://www.publicwhip.org.uk/mp.php?mpid=41993
41549,Stella,Creasy,Lab,https://www.publicwhip.org.uk/mp.php?mpid=41549
42105,Stella,Creasy,Lab,https://www.publicwhip.org.uk/mp.php?mpid=42105
42298,Virginia,Crosbie,Con,https://www.publicwhip.org.uk/mp.php?mpid=42298
41791,Tracey,Crouch,Con,https://www.publicwhip.org.uk/mp.php?mpid=41791
42654,Tracey,Crouch,Con,https://www.publicwhip.org.uk/mp.php?mpid=42654
41661,Jon,Cruddas,Lab,https://www.publicwhip.org.uk/mp.php?mpid=41661
42669,Jon,Cruddas,Lab,https://www.publicwhip.org.uk/mp.php?mpid=42669
41653,John,Cryer,Lab,https://www.publicwhip.org.uk/mp.php?mpid=41653
42113,John,Cryer,Lab,https://www.publicwhip.org.uk/mp.php?mpid=42113
41676,Judith,Cummins,Lab,https://www.publicwhip.org.uk/mp.php?mpid=41676
42607,Judith,Cummins,Lab,https://www.publicwhip.org.uk/mp.php?mpid=42607
41395,Alex,Cunningham,Lab,https://www.publicwhip.org.uk/mp.php?mpid=41395
42126,Alex,Cunningham,Lab,https://www.publicwhip.org.uk/mp.php?mpid=42126
41542,Jim,Cunningham,Lab,https://www.publicwhip.org.uk/mp.php?mpid=41542
42023,Janet,Daby,Lab,https://www.publicwhip.org.uk/mp.php?mpid=42023
42255,Janet,Daby,Lab,https://www.publicwhip.org.uk/mp.php?mpid=42255
41947,Nicholas,Dakin,Lab,https://www.publicwhip.org.uk/mp.php?mpid=41947
42624,James,Daly,Con,https://www.publicwhip.org.uk/mp.php?mpid=42624
41873,Edward,Davey,LDem,https://www.publicwhip.org.uk/mp.php?mpid=41873
42285,Edward,Davey,LDem,https://www.publicwhip.org.uk/mp.php?mpid=42285
41459,Wayne,David,Lab,https://www.publicwhip.org.uk/mp.php?mpid=41459
42102,Wayne,David,Lab,https://www.publicwhip.org.uk/mp.php?mpid=42102
41538,Chris,Davies,Con,https://www.publicwhip.org.uk/mp.php?mpid=41538
41546,David,Davies,Con,https://www.publicwhip.org.uk/mp.php?mpid=41546
42507,David,Davies,Con,https://www.publicwhip.org.uk/mp.php?mpid=42507
42350,Gareth,Davies,Con,https://www.publicwhip.org.uk/mp.php?mpid=42350
41535,Geraint,Davies,Lab,https://www.publicwhip.org.uk/mp.php?mpid=41535
42116,Geraint,Davies,Lab,https://www.publicwhip.org.uk/mp.php?mpid=42116
41520,Glyn,Davies,Con,https://www.publicwhip.org.uk/mp.php?mpid=41520
42347,James,Davies,Con,https://www.publicwhip.org.uk/mp.php?mpid=42347
41543,Mims,Davies,Con,https://www.publicwhip.org.uk/mp.php?mpid=41543
42518,Mims,Davies,Con,https://www.publicwhip.org.uk/mp.php?mpid=42518
41950,Philip,Davies,Con,https://www.publicwhip.org.uk/mp.php?mpid=41950
42626,Philip,Davies,Con,https://www.publicwhip.org.uk/mp.php?mpid=42626
42231,Alex,Davies-Jones,Lab,https://www.publicwhip.org.uk/mp.php?mpid=42231
41853,David,Davis,Con,https://www.publicwhip.org.uk/mp.php?mpid=41853
42175,David,Davis,Con,https://www.publicwhip.org.uk/mp.php?mpid=42175
42187,Dehenna,Davison,Con,https://www.publicwhip.org.uk/mp.php?mpid=42187
41883,Martyn,Day,SNP,https://www.publicwhip.org.uk/mp.php?mpid=41883
42491,Martyn,Day,SNP,https://www.publicwhip.org.uk/mp.php?mpid=42491
41450,Marsha,de Cordova,Lab,https://www.publicwhip.org.uk/mp.php?mpid=41450
42151,Marsha,de Cordova,Lab,https://www.publicwhip.org.uk/mp.php?mpid=42151
41737,Gloria,De Piero,Lab,https://www.publicwhip.org.uk/mp.php?mpid=41737
41644,Thangam,Debbonaire,Lab,https://www.publicwhip.org.uk/mp.php?mpid=41644
42331,Thangam,Debbonaire,Lab,https://www.publicwhip.org.uk/mp.php?mpid=42331
42020,Emma,Dent Coad,Lab,https://www.publicwhip.org.uk/mp.php?mpid=42020
41954,Tan,Dhesi,Lab,https://www.publicwhip.org.uk/mp.php?mpid=41954
42341,Tan,Dhesi,Lab,https://www.publicwhip.org.uk/mp.php?mpid=42341
41630,Caroline,Dinenage,Con,https://www.publicwhip.org.uk/mp.php?mpid=41630
42274,Caroline,Dinenage,Con,https://www.publicwhip.org.uk/mp.php?mpid=42274
42431,Sarah,Dines,Con,https://www.publicwhip.org.uk/mp.php?mpid=42431
41501,Jonathan,Djanogly,Con,https://www.publicwhip.org.uk/mp.php?mpid=41501
42308,Jonathan,Djanogly,Con,https://www.publicwhip.org.uk/mp.php?mpid=42308
41515,Leo,Docherty,Con,https://www.publicwhip.org.uk/mp.php?mpid=41515
42351,Leo,Docherty,Con,https://www.publicwhip.org.uk/mp.php?mpid=42351
41424,Martin,Docherty,SNP,https://www.publicwhip.org.uk/mp.php?mpid=41424
42131,Martin,Docherty,SNP,https://www.publicwhip.org.uk/mp.php?mpid=42131
41432,Anneliese,Dodds,Lab,https://www.publicwhip.org.uk/mp.php?mpid=41432
42309,Anneliese,Dodds,Lab,https://www.publicwhip.org.uk/mp.php?mpid=42309
42048,Jane,Dodds,LDem,https://www.publicwhip.org.uk/mp.php?mpid=42048
41642,Nigel,Dodds,DUP,https://www.publicwhip.org.uk/mp.php?mpid=41642
41403,Jeffrey M.,Donaldson,DUP,https://www.publicwhip.org.uk/mp.php?mpid=41403
42592,Jeffrey M.,Donaldson,DUP,https://www.publicwhip.org.uk/mp.php?mpid=42592
41646,Michelle,Donelan,Con,https://www.publicwhip.org.uk/mp.php?mpid=41646
42578,Michelle,Donelan,Con,https://www.publicwhip.org.uk/mp.php?mpid=42578
42104,Dave,Doogan,SNP,https://www.publicwhip.org.uk/mp.php?mpid=42104
42390,Allan,Dorans,SNP,https://www.publicwhip.org.uk/mp.php?mpid=42390
41466,Nadine,Dorries,Con,https://www.publicwhip.org.uk/mp.php?mpid=41466
42267,Nadine,Dorries,Con,https://www.publicwhip.org.uk/mp.php?mpid=42267
42017,Steve,Double,Con,https://www.publicwhip.org.uk/mp.php?mpid=42017
42708,Steve,Double,Con,https://www.publicwhip.org.uk/mp.php?mpid=42708
41704,Stephen,Doughty,Lab,https://www.publicwhip.org.uk/mp.php?mpid=41704
42369,Stephen,Doughty,Lab,https://www.publicwhip.org.uk/mp.php?mpid=42369
41497,Peter,Dowd,Lab,https://www.publicwhip.org.uk/mp.php?mpid=41497
42128,Peter,Dowd,Lab,https://www.publicwhip.org.uk/mp.php?mpid=42128
41416,Oliver,Dowden,Con,https://www.publicwhip.org.uk/mp.php?mpid=41416
42154,Oliver,Dowden,Con,https://www.publicwhip.org.uk/mp.php?mpid=42154
41577,Jackie,Doyle-Price,Con,https://www.publicwhip.org.uk/mp.php?mpid=41577
42109,Jackie,Doyle-Price,Con,https://www.publicwhip.org.uk/mp.php?mpid=42109
41637,Richard,Drax,Con,https://www.publicwhip.org.uk/mp.php?mpid=41637
42451,Richard,Drax,Con,https://www.publicwhip.org.uk/mp.php?mpid=42451
41593,David,Drew,Lab,https://www.publicwhip.org.uk/mp.php?mpid=41593
41596,Jack,Dromey,Lab,https://www.publicwhip.org.uk/mp.php?mpid=41596
42410,Jack,Dromey,Lab,https://www.publicwhip.org.uk/mp.php?mpid=42410
42675,Flick,Drummond,Con,https://www.publicwhip.org.uk/mp.php?mpid=42675
41508,James,Duddridge,Con,https://www.publicwhip.org.uk/mp.php?mpid=41508
42139,James,Duddridge,Con,https://www.publicwhip.org.uk/mp.php?mpid=42139
41703,Rosie,Duffield,Lab,https://www.publicwhip.org.uk/mp.php?mpid=41703
42153,Rosie,Duffield,Lab,https://www.publicwhip.org.uk/mp.php?mpid=42153
41741,David,Duguid,Con,https://www.publicwhip.org.uk/mp.php?mpid=41741
42593,David,Duguid,Con,https://www.publicwhip.org.uk/mp.php?mpid=42593
41944,Alan,Duncan,Con,https://www.publicwhip.org.uk/mp.php?mpid=41944
41587,Iain,Duncan Smith,Con,https://www.publicwhip.org.uk/mp.php?mpid=41587
42149,Iain,Duncan Smith,Con,https://www.publicwhip.org.uk/mp.php?mpid=42149
41885,Philip,Dunne,Con,https://www.publicwhip.org.uk/mp.php?mpid=41885
42584,Philip,Dunne,Con,https://www.publicwhip.org.uk/mp.php?mpid=42584
41426,Angela,Eagle,Lab,https://www.publicwhip.org.uk/mp.php?mpid=41426
42225,Angela,Eagle,Lab,https://www.publicwhip.org.uk/mp.php?mpid=42225
41484,Maria,Eagle,Lab,https://www.publicwhip.org.uk/mp.php?mpid=41484
42349,Maria,Eagle,Lab,https://www.publicwhip.org.uk/mp.php?mpid=42349
42590,Colum,Eastwood,SDLP,https://www.publicwhip.org.uk/mp.php?mpid=42590
42696,Mark,Eastwood,Con,https://www.publicwhip.org.uk/mp.php?mpid=42696
41439,Jonathan,Edwards,PC,https://www.publicwhip.org.uk/mp.php?mpid=41439
42243,Jonathan,Edwards,PC,https://www.publicwhip.org.uk/mp.php?mpid=42243
42728,Jonathan,Edwards,Independent,https://www.publicwhip.org.uk/mp.php?mpid=42728
42325,Ruth,Edwards,Con,https://www.publicwhip.org.uk/mp.php?mpid=42325
41556,Clive,Efford,Lab,https://www.publicwhip.org.uk/mp.php?mpid=41556
42290,Clive,Efford,Lab,https://www.publicwhip.org.uk/mp.php?mpid=42290
41373,Julie,Elliott,Lab,https://www.publicwhip.org.uk/mp.php?mpid=41373
42083,Julie,Elliott,Lab,https://www.publicwhip.org.uk/mp.php?mpid=42083
41916,Michael,Ellis,Con,https://www.publicwhip.org.uk/mp.php?mpid=41916
42464,Michael,Ellis,Con,https://www.publicwhip.org.uk/mp.php?mpid=42464
41445,Louise,Ellman,Lab,https://www.publicwhip.org.uk/mp.php?mpid=41445
41721,Tobias,Ellwood,Con,https://www.publicwhip.org.uk/mp.php?mpid=41721
42603,Tobias,Ellwood,Con,https://www.publicwhip.org.uk/mp.php?mpid=42603
41409,Chris,Elmore,Lab,https://www.publicwhip.org.uk/mp.php?mpid=41409
42130,Chris,Elmore,Lab,https://www.publicwhip.org.uk/mp.php?mpid=42130
41413,Charlie,Elphicke,Con,https://www.publicwhip.org.uk/mp.php?mpid=41413
42025,Charlie,Elphicke,Independent,https://www.publicwhip.org.uk/mp.php?mpid=42025
42026,Charlie,Elphicke,Con,https://www.publicwhip.org.uk/mp.php?mpid=42026
42050,Charlie,Elphicke,Independent,https://www.publicwhip.org.uk/mp.php?mpid=42050
42257,Natalie,Elphicke,Con,https://www.publicwhip.org.uk/mp.php?mpid=42257
42336,Florence,Eshalomi,Lab,https://www.publicwhip.org.uk/mp.php?mpid=42336
41433,Bill,Esterson,Lab,https://www.publicwhip.org.uk/mp.php?mpid=41433
42178,Bill,Esterson,Lab,https://www.publicwhip.org.uk/mp.php?mpid=42178
41782,George,Eustice,Con,https://www.publicwhip.org.uk/mp.php?mpid=41782
42252,George,Eustice,Con,https://www.publicwhip.org.uk/mp.php?mpid=42252
41444,Chris,Evans,Lab,https://www.publicwhip.org.uk/mp.php?mpid=41444
42121,Chris,Evans,Lab,https://www.publicwhip.org.uk/mp.php?mpid=42121
42166,Luke,Evans,Con,https://www.publicwhip.org.uk/mp.php?mpid=42166
41622,Nigel,Evans,Con,https://www.publicwhip.org.uk/mp.php?mpid=41622
42203,Nigel,Evans,Con,https://www.publicwhip.org.uk/mp.php?mpid=42203
41753,David,Evennett,Con,https://www.publicwhip.org.uk/mp.php?mpid=41753
42598,David,Evennett,Con,https://www.publicwhip.org.uk/mp.php?mpid=42598
42636,Ben,Everitt,Con,https://www.publicwhip.org.uk/mp.php?mpid=42636
41727,Michael,Fabricant,Con,https://www.publicwhip.org.uk/mp.php?mpid=41727
42189,Michael,Fabricant,Con,https://www.publicwhip.org.uk/mp.php?mpid=42189
41469,Michael,Fallon,Con,https://www.publicwhip.org.uk/mp.php?mpid=41469
41900,Paul,Farrelly,Lab,https://www.publicwhip.org.uk/mp.php?mpid=41900
42270,Laura,Farris,Con,https://www.publicwhip.org.uk/mp.php?mpid=42270
42008,Tim,Farron,LDem,https://www.publicwhip.org.uk/mp.php?mpid=42008
42150,Tim,Farron,LDem,https://www.publicwhip.org.uk/mp.php?mpid=42150
42317,Stephen,Farry,Alliance,https://www.publicwhip.org.uk/mp.php?mpid=42317
42389,Simon,Fell,Con,https://www.publicwhip.org.uk/mp.php?mpid=42389
41898,Marion,Fellows,SNP,https://www.publicwhip.org.uk/mp.php?mpid=41898
42542,Marion,Fellows,SNP,https://www.publicwhip.org.uk/mp.php?mpid=42542
42094,Margaret,Ferrier,SNP,https://www.publicwhip.org.uk/mp.php?mpid=42094
41397,Frank,Field,Lab,https://www.publicwhip.org.uk/mp.php?mpid=41397
42027,Frank,Field,Independent,https://www.publicwhip.org.uk/mp.php?mpid=42027
41615,Mark,Field,Con,https://www.publicwhip.org.uk/mp.php?mpid=41615
41929,Jim,Fitzpatrick,Lab,https://www.publicwhip.org.uk/mp.php?mpid=41929
41554,Colleen,Fletcher,Lab,https://www.publicwhip.org.uk/mp.php?mpid=41554
42664,Colleen,Fletcher,Lab,https://www.publicwhip.org.uk/mp.php?mpid=42664
42249,Katherine,Fletcher,Con,https://www.publicwhip.org.uk/mp.php?mpid=42249
42601,Mark,Fletcher,Con,https://www.publicwhip.org.uk/mp.php?mpid=42601
42353,Nicholas,Fletcher,Con,https://www.publicwhip.org.uk/mp.php?mpid=42353
41562,Caroline,Flint,Lab,https://www.publicwhip.org.uk/mp.php?mpid=41562
41454,Paul,Flynn,Lab,https://www.publicwhip.org.uk/mp.php?mpid=41454
42383,Stephen,Flynn,SNP,https://www.publicwhip.org.uk/mp.php?mpid=42383
42046,Lisa,Forbes,Lab,https://www.publicwhip.org.uk/mp.php?mpid=42046
41402,Vicky,Ford,Con,https://www.publicwhip.org.uk/mp.php?mpid=41402
42230,Vicky,Ford,Con,https://www.publicwhip.org.uk/mp.php?mpid=42230
41456,Kevin,Foster,Con,https://www.publicwhip.org.uk/mp.php?mpid=41456
42191,Kevin,Foster,Con,https://www.publicwhip.org.uk/mp.php?mpid=42191
41399,Yvonne,Fovargue,Lab,https://www.publicwhip.org.uk/mp.php?mpid=41399
42099,Yvonne,Fovargue,Lab,https://www.publicwhip.org.uk/mp.php?mpid=42099
41912,Liam,Fox,Con,https://www.publicwhip.org.uk/mp.php?mpid=41912
42671,Liam,Fox,Con,https://www.publicwhip.org.uk/mp.php?mpid=42671
41881,Vicky,Foxcroft,Lab,https://www.publicwhip.org.uk/mp.php?mpid=41881
42259,Vicky,Foxcroft,Lab,https://www.publicwhip.org.uk/mp.php?mpid=42259
42264,Mary,Foy,Lab,https://www.publicwhip.org.uk/mp.php?mpid=42264
41410,Mark,Francois,Con,https://www.publicwhip.org.uk/mp.php?mpid=41410
42366,Mark,Francois,Con,https://www.publicwhip.org.uk/mp.php?mpid=42366
41956,Lucy,Frazer,Con,https://www.publicwhip.org.uk/mp.php?mpid=41956
42672,Lucy,Frazer,Con,https://www.publicwhip.org.uk/mp.php?mpid=42672
41604,George,Freeman,Con,https://www.publicwhip.org.uk/mp.php?mpid=41604
42362,George,Freeman,Con,https://www.publicwhip.org.uk/mp.php?mpid=42362
41843,Mike,Freer,Con,https://www.publicwhip.org.uk/mp.php?mpid=41843
42632,Mike,Freer,Con,https://www.publicwhip.org.uk/mp.php?mpid=42632
41458,James,Frith,Lab,https://www.publicwhip.org.uk/mp.php?mpid=41458
42529,Richard,Fuller,Con,https://www.publicwhip.org.uk/mp.php?mpid=42529
41492,Gill,Furniss,Lab,https://www.publicwhip.org.uk/mp.php?mpid=41492
42263,Gill,Furniss,Lab,https://www.publicwhip.org.uk/mp.php?mpid=42263
41437,Marcus,Fysh,Con,https://www.publicwhip.org.uk/mp.php?mpid=41437
42689,Marcus,Fysh,Con,https://www.publicwhip.org.uk/mp.php?mpid=42689
41723,Hugh,Gaffney,Lab,https://www.publicwhip.org.uk/mp.php?mpid=41723
41913,Roger,Gale,Con,https://www.publicwhip.org.uk/mp.php?mpid=41913
42700,Roger,Gale,Con,https://www.publicwhip.org.uk/mp.php?mpid=42700
41871,Mike,Gapes,Lab,https://www.publicwhip.org.uk/mp.php?mpid=41871
42034,Mike,Gapes,Independent,https://www.publicwhip.org.uk/mp.php?mpid=42034
41767,Barry,Gardiner,Lab,https://www.publicwhip.org.uk/mp.php?mpid=41767
42436,Barry,Gardiner,Lab,https://www.publicwhip.org.uk/mp.php?mpid=42436
41513,Mark,Garnier,Con,https://www.publicwhip.org.uk/mp.php?mpid=41513
42266,Mark,Garnier,Con,https://www.publicwhip.org.uk/mp.php?mpid=42266
41965,David,Gauke,Con,https://www.publicwhip.org.uk/mp.php?mpid=41965
42062,David,Gauke,Independent,https://www.publicwhip.org.uk/mp.php?mpid=42062
41557,Ruth,George,Lab,https://www.publicwhip.org.uk/mp.php?mpid=41557
41908,Stephen,Gethins,SNP,https://www.publicwhip.org.uk/mp.php?mpid=41908
41579,Nusrat,Ghani,Con,https://www.publicwhip.org.uk/mp.php?mpid=41579
42193,Nusrat,Ghani,Con,https://www.publicwhip.org.uk/mp.php?mpid=42193
41717,Nick,Gibb,Con,https://www.publicwhip.org.uk/mp.php?mpid=41717
42599,Nick,Gibb,Con,https://www.publicwhip.org.uk/mp.php?mpid=42599
41505,Patricia,Gibson,SNP,https://www.publicwhip.org.uk/mp.php?mpid=41505
42223,Patricia,Gibson,SNP,https://www.publicwhip.org.uk/mp.php?mpid=42223
42096,Peter,Gibson,Con,https://www.publicwhip.org.uk/mp.php?mpid=42096
42483,Jo,Gideon,Con,https://www.publicwhip.org.uk/mp.php?mpid=42483
41754,Preet Kaur,Gill,Lab,https://www.publicwhip.org.uk/mp.php?mpid=41754
42407,Preet Kaur,Gill,Lab,https://www.publicwhip.org.uk/mp.php?mpid=42407
41614,Cheryl,Gillan,Con,https://www.publicwhip.org.uk/mp.php?mpid=41614
42544,Cheryl,Gillan,Con,https://www.publicwhip.org.uk/mp.php?mpid=42544
41521,Paul,Girvan,DUP,https://www.publicwhip.org.uk/mp.php?mpid=41521
42312,Paul,Girvan,DUP,https://www.publicwhip.org.uk/mp.php?mpid=42312
41607,John,Glen,Con,https://www.publicwhip.org.uk/mp.php?mpid=41607
42615,John,Glen,Con,https://www.publicwhip.org.uk/mp.php?mpid=42615
41431,Mary,Glindon,Lab,https://www.publicwhip.org.uk/mp.php?mpid=41431
42283,Mary,Glindon,Lab,https://www.publicwhip.org.uk/mp.php?mpid=42283
41755,Roger,Godsiff,Lab,https://www.publicwhip.org.uk/mp.php?mpid=41755
41936,Zac,Goldsmith,Con,https://www.publicwhip.org.uk/mp.php?mpid=41936
41552,Helen,Goodman,Lab,https://www.publicwhip.org.uk/mp.php?mpid=41552
41946,Robert,Goodwill,Con,https://www.publicwhip.org.uk/mp.php?mpid=41946
42194,Robert,Goodwill,Con,https://www.publicwhip.org.uk/mp.php?mpid=42194
41559,Michael,Gove,Con,https://www.publicwhip.org.uk/mp.php?mpid=41559
42539,Michael,Gove,Con,https://www.publicwhip.org.uk/mp.php?mpid=42539
41647,Patrick,Grady,SNP,https://www.publicwhip.org.uk/mp.php?mpid=41647
42428,Patrick,Grady,SNP,https://www.publicwhip.org.uk/mp.php?mpid=42428
41489,Luke,Graham,Con,https://www.publicwhip.org.uk/mp.php?mpid=41489
41693,Richard,Graham,Con,https://www.publicwhip.org.uk/mp.php?mpid=41693
42232,Richard,Graham,Con,https://www.publicwhip.org.uk/mp.php?mpid=42232
41625,Bill,Grant,Con,https://www.publicwhip.org.uk/mp.php?mpid=41625
41888,Helen,Grant,Con,https://www.publicwhip.org.uk/mp.php?mpid=41888
42571,Helen,Grant,Con,https://www.publicwhip.org.uk/mp.php?mpid=42571
41499,Peter,Grant,SNP,https://www.publicwhip.org.uk/mp.php?mpid=41499
42510,Peter,Grant,SNP,https://www.publicwhip.org.uk/mp.php?mpid=42510
41697,James,Gray,Con,https://www.publicwhip.org.uk/mp.php?mpid=41697
42572,James,Gray,Con,https://www.publicwhip.org.uk/mp.php?mpid=42572
41641,Neil,Gray,SNP,https://www.publicwhip.org.uk/mp.php?mpid=41641
42238,Neil,Gray,SNP,https://www.publicwhip.org.uk/mp.php?mpid=42238
41836,Chris,Grayling,Con,https://www.publicwhip.org.uk/mp.php?mpid=41836
42375,Chris,Grayling,Con,https://www.publicwhip.org.uk/mp.php?mpid=42375
41718,Chris,Green,Con,https://www.publicwhip.org.uk/mp.php?mpid=41718
42159,Chris,Green,Con,https://www.publicwhip.org.uk/mp.php?mpid=42159
41595,Damian,Green,Con,https://www.publicwhip.org.uk/mp.php?mpid=41595
42246,Damian,Green,Con,https://www.publicwhip.org.uk/mp.php?mpid=42246
41981,Kate,Green,Lab,https://www.publicwhip.org.uk/mp.php?mpid=41981
42585,Kate,Green,Lab,https://www.publicwhip.org.uk/mp.php?mpid=42585
41418,Justine,Greening,Con,https://www.publicwhip.org.uk/mp.php?mpid=41418
42064,Justine,Greening,Independent,https://www.publicwhip.org.uk/mp.php?mpid=42064
41547,Lilian,Greenwood,Lab,https://www.publicwhip.org.uk/mp.php?mpid=41547
42364,Lilian,Greenwood,Lab,https://www.publicwhip.org.uk/mp.php?mpid=42364
41472,Margaret,Greenwood,Lab,https://www.publicwhip.org.uk/mp.php?mpid=41472
42206,Margaret,Greenwood,Lab,https://www.publicwhip.org.uk/mp.php?mpid=42206
41626,Dominic,Grieve,Con,https://www.publicwhip.org.uk/mp.php?mpid=41626
42056,Dominic,Grieve,Independent,https://www.publicwhip.org.uk/mp.php?mpid=42056
42725,Andrew,Griffith,Con,https://www.publicwhip.org.uk/mp.php?mpid=42725
41391,Nia,Griffith,Lab,https://www.publicwhip.org.uk/mp.php?mpid=41391
42212,Nia,Griffith,Lab,https://www.publicwhip.org.uk/mp.php?mpid=42212
41457,Andrew,Griffiths,Con,https://www.publicwhip.org.uk/mp.php?mpid=41457
42292,Kate,Griffiths,Con,https://www.publicwhip.org.uk/mp.php?mpid=42292
41872,John,Grogan,Lab,https://www.publicwhip.org.uk/mp.php?mpid=41872
42182,James,Grundy,Con,https://www.publicwhip.org.uk/mp.php?mpid=42182
42546,Jonathan,Gullis,Con,https://www.publicwhip.org.uk/mp.php?mpid=42546
41809,Andrew,Gwynne,Lab,https://www.publicwhip.org.uk/mp.php?mpid=41809
42443,Andrew,Gwynne,Lab,https://www.publicwhip.org.uk/mp.php?mpid=42443
41482,Sam,Gyimah,Con,https://www.publicwhip.org.uk/mp.php?mpid=41482
42069,Sam,Gyimah,Independent,https://www.publicwhip.org.uk/mp.php?mpid=42069
41533,Louise,Haigh,Lab,https://www.publicwhip.org.uk/mp.php?mpid=41533
42527,Louise,Haigh,Lab,https://www.publicwhip.org.uk/mp.php?mpid=42527
41425,Kirstene,Hair,Con,https://www.publicwhip.org.uk/mp.php?mpid=41425
41407,Robert,Halfon,Con,https://www.publicwhip.org.uk/mp.php?mpid=41407
42114,Robert,Halfon,Con,https://www.publicwhip.org.uk/mp.php?mpid=42114
41986,Luke,Hall,Con,https://www.publicwhip.org.uk/mp.php?mpid=41986
42460,Luke,Hall,Con,https://www.publicwhip.org.uk/mp.php?mpid=42460
41877,Fabian,Hamilton,Lab,https://www.publicwhip.org.uk/mp.php?mpid=41877
42449,Fabian,Hamilton,Lab,https://www.publicwhip.org.uk/mp.php?mpid=42449
41943,Philip,Hammond,Con,https://www.publicwhip.org.uk/mp.php?mpid=41943
42057,Philip,Hammond,Independent,https://www.publicwhip.org.uk/mp.php?mpid=42057
41639,Stephen,Hammond,Con,https://www.publicwhip.org.uk/mp.php?mpid=41639
42067,Stephen,Hammond,Independent,https://www.publicwhip.org.uk/mp.php?mpid=42067
42458,Stephen,Hammond,Con,https://www.publicwhip.org.uk/mp.php?mpid=42458
41580,Matthew,Hancock,Con,https://www.publicwhip.org.uk/mp.php?mpid=41580
42192,Matthew,Hancock,Con,https://www.publicwhip.org.uk/mp.php?mpid=42192
41793,Greg,Hands,Con,https://www.publicwhip.org.uk/mp.php?mpid=41793
42326,Greg,Hands,Con,https://www.publicwhip.org.uk/mp.php?mpid=42326
42373,Claire,Hanna,SDLP,https://www.publicwhip.org.uk/mp.php?mpid=42373
41460,David,Hanson,Lab,https://www.publicwhip.org.uk/mp.php?mpid=41460
42414,Neale,Hanvey,Independent,https://www.publicwhip.org.uk/mp.php?mpid=42414
42727,Neale,Hanvey,SNP,https://www.publicwhip.org.uk/mp.php?mpid=42727
41632,Emma,Hardy,Lab,https://www.publicwhip.org.uk/mp.php?mpid=41632
42421,Emma,Hardy,Lab,https://www.publicwhip.org.uk/mp.php?mpid=42421
41781,Harriet,Harman,Lab,https://www.publicwhip.org.uk/mp.php?mpid=41781
42556,Harriet,Harman,Lab,https://www.publicwhip.org.uk/mp.php?mpid=42556
41844,Mark,Harper,Con,https://www.publicwhip.org.uk/mp.php?mpid=41844
42236,Mark,Harper,Con,https://www.publicwhip.org.uk/mp.php?mpid=42236
41578,Richard,Harrington,Con,https://www.publicwhip.org.uk/mp.php?mpid=41578
42073,Richard,Harrington,Independent,https://www.publicwhip.org.uk/mp.php?mpid=42073
41623,Carolyn,Harris,Lab,https://www.publicwhip.org.uk/mp.php?mpid=41623
42134,Carolyn,Harris,Lab,https://www.publicwhip.org.uk/mp.php?mpid=42134
41428,Rebecca,Harris,Con,https://www.publicwhip.org.uk/mp.php?mpid=41428
42338,Rebecca,Harris,Con,https://www.publicwhip.org.uk/mp.php?mpid=42338
41616,Trudy,Harrison,Con,https://www.publicwhip.org.uk/mp.php?mpid=41616
42161,Trudy,Harrison,Con,https://www.publicwhip.org.uk/mp.php?mpid=42161
42574,Sally-Ann,Hart,Con,https://www.publicwhip.org.uk/mp.php?mpid=42574
41784,Simon,Hart,Con,https://www.publicwhip.org.uk/mp.php?mpid=41784
42477,Simon,Hart,Con,https://www.publicwhip.org.uk/mp.php?mpid=42477
41818,Helen,Hayes,Lab,https://www.publicwhip.org.uk/mp.php?mpid=41818
42579,Helen,Hayes,Lab,https://www.publicwhip.org.uk/mp.php?mpid=42579
41592,John,Hayes,Con,https://www.publicwhip.org.uk/mp.php?mpid=41592
42204,John,Hayes,Con,https://www.publicwhip.org.uk/mp.php?mpid=42204
41382,Sue,Hayman,Lab,https://www.publicwhip.org.uk/mp.php?mpid=41382
41488,Oliver,Heald,Con,https://www.publicwhip.org.uk/mp.php?mpid=41488
42501,Oliver,Heald,Con,https://www.publicwhip.org.uk/mp.php?mpid=42501
41675,John,Healey,Lab,https://www.publicwhip.org.uk/mp.php?mpid=41675
42531,John,Healey,Lab,https://www.publicwhip.org.uk/mp.php?mpid=42531
42002,James,Heappey,Con,https://www.publicwhip.org.uk/mp.php?mpid=42002
42582,James,Heappey,Con,https://www.publicwhip.org.uk/mp.php?mpid=42582
41808,Chris,Heaton-Harris,Con,https://www.publicwhip.org.uk/mp.php?mpid=41808
42622,Chris,Heaton-Harris,Con,https://www.publicwhip.org.uk/mp.php?mpid=42622
41903,Peter,Heaton-Jones,Con,https://www.publicwhip.org.uk/mp.php?mpid=41903
41686,Gordon,Henderson,Con,https://www.publicwhip.org.uk/mp.php?mpid=41686
42524,Gordon,Henderson,Con,https://www.publicwhip.org.uk/mp.php?mpid=42524
41468,Mark,Hendrick,Lab,https://www.publicwhip.org.uk/mp.php?mpid=41468
42171,Mark,Hendrick,Lab,https://www.publicwhip.org.uk/mp.php?mpid=42171
41650,Drew,Hendry,SNP,https://www.publicwhip.org.uk/mp.php?mpid=41650
42621,Drew,Hendry,SNP,https://www.publicwhip.org.uk/mp.php?mpid=42621
42404,Darren,Henry,Con,https://www.publicwhip.org.uk/mp.php?mpid=42404
41387,Stephen,Hepburn,Lab,https://www.publicwhip.org.uk/mp.php?mpid=41387
41736,Nick,Herbert,Con,https://www.publicwhip.org.uk/mp.php?mpid=41736
41392,Sylvia,Hermon,Independent,https://www.publicwhip.org.uk/mp.php?mpid=41392
42295,Antony,Higginbotham,Con,https://www.publicwhip.org.uk/mp.php?mpid=42295
41443,Mike,Hill,Lab,https://www.publicwhip.org.uk/mp.php?mpid=41443
42117,Mike,Hill,Lab,https://www.publicwhip.org.uk/mp.php?mpid=42117
41850,Meg,Hillier,Lab,https://www.publicwhip.org.uk/mp.php?mpid=41850
42514,Meg,Hillier,Lab,https://www.publicwhip.org.uk/mp.php?mpid=42514
41690,Damian,Hinds,Con,https://www.publicwhip.org.uk/mp.php?mpid=41690
42482,Damian,Hinds,Con,https://www.publicwhip.org.uk/mp.php?mpid=42482
41904,Simon,Hoare,Con,https://www.publicwhip.org.uk/mp.php?mpid=41904
42718,Simon,Hoare,Con,https://www.publicwhip.org.uk/mp.php?mpid=42718
41659,Wera,Hobhouse,LDem,https://www.publicwhip.org.uk/mp.php?mpid=41659
42222,Wera,Hobhouse,LDem,https://www.publicwhip.org.uk/mp.php?mpid=42222
41688,Margaret,Hodge,Lab,https://www.publicwhip.org.uk/mp.php?mpid=41688
42495,Margaret,Hodge,Lab,https://www.publicwhip.org.uk/mp.php?mpid=42495
41376,Sharon,Hodgson,Lab,https://www.publicwhip.org.uk/mp.php?mpid=41376
42086,Sharon,Hodgson,Lab,https://www.publicwhip.org.uk/mp.php?mpid=42086
41992,Kate,Hoey,Lab,https://www.publicwhip.org.uk/mp.php?mpid=41992
42520,Richard,Holden,Con,https://www.publicwhip.org.uk/mp.php?mpid=42520
41496,Kate,Hollern,Lab,https://www.publicwhip.org.uk/mp.php?mpid=41496
42478,Kate,Hollern,Lab,https://www.publicwhip.org.uk/mp.php?mpid=42478
41890,George,Hollingbery,Con,https://www.publicwhip.org.uk/mp.php?mpid=41890
41985,Kevin,Hollinrake,Con,https://www.publicwhip.org.uk/mp.php?mpid=41985
42713,Kevin,Hollinrake,Con,https://www.publicwhip.org.uk/mp.php?mpid=42713
41378,Philip,Hollobone,Con,https://www.publicwhip.org.uk/mp.php?mpid=41378
42095,Philip,Hollobone,Con,https://www.publicwhip.org.uk/mp.php?mpid=42095
41648,Adam,Holloway,Con,https://www.publicwhip.org.uk/mp.php?mpid=41648
42438,Adam,Holloway,Con,https://www.publicwhip.org.uk/mp.php?mpid=42438
42172,Paul,Holmes,Con,https://www.publicwhip.org.uk/mp.php?mpid=42172
41886,Kelvin,Hopkins,Lab,https://www.publicwhip.org.uk/mp.php?mpid=41886
42028,Kelvin,Hopkins,Independent,https://www.publicwhip.org.uk/mp.php?mpid=42028
42173,Rachel,Hopkins,Lab,https://www.publicwhip.org.uk/mp.php?mpid=42173
41440,Stewart,Hosie,SNP,https://www.publicwhip.org.uk/mp.php?mpid=41440
42398,Stewart,Hosie,SNP,https://www.publicwhip.org.uk/mp.php?mpid=42398
41408,George,Howarth,Lab,https://www.publicwhip.org.uk/mp.php?mpid=41408
42101,George,Howarth,Lab,https://www.publicwhip.org.uk/mp.php?mpid=42101
41862,John,Howell,Con,https://www.publicwhip.org.uk/mp.php?mpid=41862
42685,John,Howell,Con,https://www.publicwhip.org.uk/mp.php?mpid=42685
42327,Paul,Howell,Con,https://www.publicwhip.org.uk/mp.php?mpid=42327
41503,Nigel,Huddleston,Con,https://www.publicwhip.org.uk/mp.php?mpid=41503
42220,Nigel,Huddleston,Con,https://www.publicwhip.org.uk/mp.php?mpid=42220
42429,Neil,Hudson,Con,https://www.publicwhip.org.uk/mp.php?mpid=42429
41994,Eddie,Hughes,Con,https://www.publicwhip.org.uk/mp.php?mpid=41994
42297,Eddie,Hughes,Con,https://www.publicwhip.org.uk/mp.php?mpid=42297
42684,Jane,Hunt,Con,https://www.publicwhip.org.uk/mp.php?mpid=42684
41967,Jeremy,Hunt,Con,https://www.publicwhip.org.uk/mp.php?mpid=41967
42545,Jeremy,Hunt,Con,https://www.publicwhip.org.uk/mp.php?mpid=42545
42181,Tom,Hunt,Con,https://www.publicwhip.org.uk/mp.php?mpid=42181
41414,Rupa,Huq,Lab,https://www.publicwhip.org.uk/mp.php?mpid=41414
42141,Rupa,Huq,Lab,https://www.publicwhip.org.uk/mp.php?mpid=42141
41942,Nick,Hurd,Con,https://www.publicwhip.org.uk/mp.php?mpid=41942
41763,Imran,Hussain,Lab,https://www.publicwhip.org.uk/mp.php?mpid=41763
42080,Imran,Hussain,Lab,https://www.publicwhip.org.uk/mp.php?mpid=42080
41819,Alister,Jack,Con,https://www.publicwhip.org.uk/mp.php?mpid=41819
42439,Alister,Jack,Con,https://www.publicwhip.org.uk/mp.php?mpid=42439
41979,Margot,James,Con,https://www.publicwhip.org.uk/mp.php?mpid=41979
42071,Margot,James,Independent,https://www.publicwhip.org.uk/mp.php?mpid=42071
41830,Christine,Jardine,LDem,https://www.publicwhip.org.uk/mp.php?mpid=41830
42658,Christine,Jardine,LDem,https://www.publicwhip.org.uk/mp.php?mpid=42658
41495,Dan,Jarvis,Lab,https://www.publicwhip.org.uk/mp.php?mpid=41495
42135,Dan,Jarvis,Lab,https://www.publicwhip.org.uk/mp.php?mpid=42135
41775,Sajid,Javid,Con,https://www.publicwhip.org.uk/mp.php?mpid=41775
42272,Sajid,Javid,Con,https://www.publicwhip.org.uk/mp.php?mpid=42272
41696,Ranil,Jayawardena,Con,https://www.publicwhip.org.uk/mp.php?mpid=41696
42143,Ranil,Jayawardena,Con,https://www.publicwhip.org.uk/mp.php?mpid=42143
41545,Bernard,Jenkin,Con,https://www.publicwhip.org.uk/mp.php?mpid=41545
42197,Bernard,Jenkin,Con,https://www.publicwhip.org.uk/mp.php?mpid=42197
42092,Mark,Jenkinson,Con,https://www.publicwhip.org.uk/mp.php?mpid=42092
41897,Andrea,Jenkyns,Con,https://www.publicwhip.org.uk/mp.php?mpid=41897
42565,Andrea,Jenkyns,Con,https://www.publicwhip.org.uk/mp.php?mpid=42565
41899,Robert,Jenrick,Con,https://www.publicwhip.org.uk/mp.php?mpid=41899
42392,Robert,Jenrick,Con,https://www.publicwhip.org.uk/mp.php?mpid=42392
41594,Boris,Johnson,Con,https://www.publicwhip.org.uk/mp.php?mpid=41594
42470,Boris,Johnson,Con,https://www.publicwhip.org.uk/mp.php?mpid=42470
41953,Caroline,Johnson,Con,https://www.publicwhip.org.uk/mp.php?mpid=41953
42419,Caroline,Johnson,Con,https://www.publicwhip.org.uk/mp.php?mpid=42419
41485,Diana R.,Johnson,Lab,https://www.publicwhip.org.uk/mp.php?mpid=41485
42416,Diana R.,Johnson,Lab,https://www.publicwhip.org.uk/mp.php?mpid=42416
41662,Gareth,Johnson,Con,https://www.publicwhip.org.uk/mp.php?mpid=41662
42623,Gareth,Johnson,Con,https://www.publicwhip.org.uk/mp.php?mpid=42623
41923,Jo,Johnson,Con,https://www.publicwhip.org.uk/mp.php?mpid=41923
42152,Kim,Johnson,Lab,https://www.publicwhip.org.uk/mp.php?mpid=42152
42704,David,Johnston,Con,https://www.publicwhip.org.uk/mp.php?mpid=42704
41389,Andrew,Jones,Con,https://www.publicwhip.org.uk/mp.php?mpid=41389
42333,Andrew,Jones,Con,https://www.publicwhip.org.uk/mp.php?mpid=42333
41586,Darren,Jones,Lab,https://www.publicwhip.org.uk/mp.php?mpid=41586
42320,Darren,Jones,Lab,https://www.publicwhip.org.uk/mp.php?mpid=42320
41599,David,Jones,Con,https://www.publicwhip.org.uk/mp.php?mpid=41599
42216,David,Jones,Con,https://www.publicwhip.org.uk/mp.php?mpid=42216
42472,Fay,Jones,Con,https://www.publicwhip.org.uk/mp.php?mpid=42472
41684,Gerald,Jones,Lab,https://www.publicwhip.org.uk/mp.php?mpid=41684
42199,Gerald,Jones,Lab,https://www.publicwhip.org.uk/mp.php?mpid=42199
41566,Graham,Jones,Lab,https://www.publicwhip.org.uk/mp.php?mpid=41566
41719,Helen,Jones,Lab,https://www.publicwhip.org.uk/mp.php?mpid=41719
41532,Kevan,Jones,Lab,https://www.publicwhip.org.uk/mp.php?mpid=41532
42412,Kevan,Jones,Lab,https://www.publicwhip.org.uk/mp.php?mpid=42412
41379,Marcus,Jones,Con,https://www.publicwhip.org.uk/mp.php?mpid=41379
42090,Marcus,Jones,Con,https://www.publicwhip.org.uk/mp.php?mpid=42090
42045,Ruth,Jones,Lab,https://www.publicwhip.org.uk/mp.php?mpid=42045
42226,Ruth,Jones,Lab,https://www.publicwhip.org.uk/mp.php?mpid=42226
41804,Sarah,Jones,Lab,https://www.publicwhip.org.uk/mp.php?mpid=41804
42492,Sarah,Jones,Lab,https://www.publicwhip.org.uk/mp.php?mpid=42492
41412,Susan Elan,Jones,Lab,https://www.publicwhip.org.uk/mp.php?mpid=41412
42640,Simon,Jupp,Con,https://www.publicwhip.org.uk/mp.php?mpid=42640
41624,Mike,Kane,Lab,https://www.publicwhip.org.uk/mp.php?mpid=41624
42639,Mike,Kane,Lab,https://www.publicwhip.org.uk/mp.php?mpid=42639
41951,Daniel,Kawczynski,Con,https://www.publicwhip.org.uk/mp.php?mpid=41951
42422,Daniel,Kawczynski,Con,https://www.publicwhip.org.uk/mp.php?mpid=42422
42630,Alicia,Kearns,Con,https://www.publicwhip.org.uk/mp.php?mpid=42630
41796,Gillian,Keegan,Con,https://www.publicwhip.org.uk/mp.php?mpid=41796
42269,Gillian,Keegan,Con,https://www.publicwhip.org.uk/mp.php?mpid=42269
41582,Barbara,Keeley,Lab,https://www.publicwhip.org.uk/mp.php?mpid=41582
42521,Barbara,Keeley,Lab,https://www.publicwhip.org.uk/mp.php?mpid=42521
41681,Liz,Kendall,Lab,https://www.publicwhip.org.uk/mp.php?mpid=41681
42140,Liz,Kendall,Lab,https://www.publicwhip.org.uk/mp.php?mpid=42140
41959,Seema,Kennedy,Con,https://www.publicwhip.org.uk/mp.php?mpid=41959
41973,Stephen,Kerr,Con,https://www.publicwhip.org.uk/mp.php?mpid=41973
41728,Afzal,Khan,Lab,https://www.publicwhip.org.uk/mp.php?mpid=41728
42682,Afzal,Khan,Lab,https://www.publicwhip.org.uk/mp.php?mpid=42682
42224,Imran Ahmad,Khan,Con,https://www.publicwhip.org.uk/mp.php?mpid=42224
41393,Ged,Killen,Lab,https://www.publicwhip.org.uk/mp.php?mpid=41393
41550,Stephen,Kinnock,Lab,https://www.publicwhip.org.uk/mp.php?mpid=41550
42177,Stephen,Kinnock,Lab,https://www.publicwhip.org.uk/mp.php?mpid=42177
41824,Greg,Knight,Con,https://www.publicwhip.org.uk/mp.php?mpid=41824
42440,Greg,Knight,Con,https://www.publicwhip.org.uk/mp.php?mpid=42440
41548,Julian,Knight,Con,https://www.publicwhip.org.uk/mp.php?mpid=41548
42118,Julian,Knight,Con,https://www.publicwhip.org.uk/mp.php?mpid=42118
42652,Danny,Kruger,Con,https://www.publicwhip.org.uk/mp.php?mpid=42652
41970,Kwasi,Kwarteng,Con,https://www.publicwhip.org.uk/mp.php?mpid=41970
42662,Kwasi,Kwarteng,Con,https://www.publicwhip.org.uk/mp.php?mpid=42662
41868,Peter,Kyle,Lab,https://www.publicwhip.org.uk/mp.php?mpid=41868
42656,Peter,Kyle,Lab,https://www.publicwhip.org.uk/mp.php?mpid=42656
42120,Eleanor,Laing,Con,https://www.publicwhip.org.uk/mp.php?mpid=42120
41667,Lesley,Laird,Lab,https://www.publicwhip.org.uk/mp.php?mpid=41667
41789,Ben,Lake,PC,https://www.publicwhip.org.uk/mp.php?mpid=41789
42445,Ben,Lake,PC,https://www.publicwhip.org.uk/mp.php?mpid=42445
41712,Norman,Lamb,LDem,https://www.publicwhip.org.uk/mp.php?mpid=41712
41687,David,Lammy,Lab,https://www.publicwhip.org.uk/mp.php?mpid=41687
42515,David,Lammy,Lab,https://www.publicwhip.org.uk/mp.php?mpid=42515
41749,John,Lamont,Con,https://www.publicwhip.org.uk/mp.php?mpid=41749
42446,John,Lamont,Con,https://www.publicwhip.org.uk/mp.php?mpid=42446
41894,Mark,Lancaster,Con,https://www.publicwhip.org.uk/mp.php?mpid=41894
42294,Robert,Largan,Con,https://www.publicwhip.org.uk/mp.php?mpid=42294
41891,Pauline,Latham,Con,https://www.publicwhip.org.uk/mp.php?mpid=41891
42693,Pauline,Latham,Con,https://www.publicwhip.org.uk/mp.php?mpid=42693
41996,Ian,Lavery,Lab,https://www.publicwhip.org.uk/mp.php?mpid=41996
42093,Ian,Lavery,Lab,https://www.publicwhip.org.uk/mp.php?mpid=42093
41461,Chris,Law,SNP,https://www.publicwhip.org.uk/mp.php?mpid=41461
42277,Chris,Law,SNP,https://www.publicwhip.org.uk/mp.php?mpid=42277
41958,Andrea,Leadsom,Con,https://www.publicwhip.org.uk/mp.php?mpid=41958
42724,Andrea,Leadsom,Con,https://www.publicwhip.org.uk/mp.php?mpid=42724
41882,Karen,Lee,Lab,https://www.publicwhip.org.uk/mp.php?mpid=41882
41451,Phillip,Lee,Con,https://www.publicwhip.org.uk/mp.php?mpid=41451
42054,Phillip,Lee,LDem,https://www.publicwhip.org.uk/mp.php?mpid=42054
41672,Jeremy,Lefroy,Con,https://www.publicwhip.org.uk/mp.php?mpid=41672
41845,Edward,Leigh,Con,https://www.publicwhip.org.uk/mp.php?mpid=41845
42365,Edward,Leigh,Con,https://www.publicwhip.org.uk/mp.php?mpid=42365
41918,Chris,Leslie,Lab,https://www.publicwhip.org.uk/mp.php?mpid=41918
42035,Chris,Leslie,Independent,https://www.publicwhip.org.uk/mp.php?mpid=42035
41610,Oliver,Letwin,Con,https://www.publicwhip.org.uk/mp.php?mpid=41610
42058,Oliver,Letwin,Independent,https://www.publicwhip.org.uk/mp.php?mpid=42058
42079,Ian,Levy,Con,https://www.publicwhip.org.uk/mp.php?mpid=42079
41385,Emma,Lewell-Buck,Lab,https://www.publicwhip.org.uk/mp.php?mpid=41385
42089,Emma,Lewell-Buck,Lab,https://www.publicwhip.org.uk/mp.php?mpid=42089
41917,Andrew,Lewer,Con,https://www.publicwhip.org.uk/mp.php?mpid=41917
42374,Andrew,Lewer,Con,https://www.publicwhip.org.uk/mp.php?mpid=42374
41664,Brandon,Lewis,Con,https://www.publicwhip.org.uk/mp.php?mpid=41664
42343,Brandon,Lewis,Con,https://www.publicwhip.org.uk/mp.php?mpid=42343
41670,Clive,Lewis,Lab,https://www.publicwhip.org.uk/mp.php?mpid=41670
42162,Clive,Lewis,Lab,https://www.publicwhip.org.uk/mp.php?mpid=42162
41540,Ivan,Lewis,Lab,https://www.publicwhip.org.uk/mp.php?mpid=41540
42029,Ivan,Lewis,Independent,https://www.publicwhip.org.uk/mp.php?mpid=42029
41569,Julian,Lewis,Con,https://www.publicwhip.org.uk/mp.php?mpid=41569
42299,Julian,Lewis,Con,https://www.publicwhip.org.uk/mp.php?mpid=42299
42729,Julian,Lewis,Independent,https://www.publicwhip.org.uk/mp.php?mpid=42729
41769,Ian,Liddell-Grainger,Con,https://www.publicwhip.org.uk/mp.php?mpid=41769
42605,Ian,Liddell-Grainger,Con,https://www.publicwhip.org.uk/mp.php?mpid=42605
41739,David,Lidington,Con,https://www.publicwhip.org.uk/mp.php?mpid=41739
41847,David,Linden,SNP,https://www.publicwhip.org.uk/mp.php?mpid=41847
42427,David,Linden,SNP,https://www.publicwhip.org.uk/mp.php?mpid=42427
41689,Emma,Little Pengelly,DUP,https://www.publicwhip.org.uk/mp.php?mpid=41689
41825,Stephen,Lloyd,LDem,https://www.publicwhip.org.uk/mp.php?mpid=41825
42030,Stephen,Lloyd,Independent,https://www.publicwhip.org.uk/mp.php?mpid=42030
41490,Tony,Lloyd,Lab,https://www.publicwhip.org.uk/mp.php?mpid=41490
42397,Tony,Lloyd,Lab,https://www.publicwhip.org.uk/mp.php?mpid=42397
42674,Carla,Lockhart,DUP,https://www.publicwhip.org.uk/mp.php?mpid=42674
42677,Chris,Loder,Con,https://www.publicwhip.org.uk/mp.php?mpid=42677
42499,Mark,Logan,Con,https://www.publicwhip.org.uk/mp.php?mpid=42499
41606,Rebecca,Long-Bailey,Lab,https://www.publicwhip.org.uk/mp.php?mpid=41606
42616,Rebecca,Long-Bailey,Lab,https://www.publicwhip.org.uk/mp.php?mpid=42616
42673,Marco,Longhi,Con,https://www.publicwhip.org.uk/mp.php?mpid=42673
41666,Julia,Lopez,Con,https://www.publicwhip.org.uk/mp.php?mpid=41666
42208,Julia,Lopez,Con,https://www.publicwhip.org.uk/mp.php?mpid=42208
41842,Jack,Lopresti,Con,https://www.publicwhip.org.uk/mp.php?mpid=41842
42569,Jack,Lopresti,Con,https://www.publicwhip.org.uk/mp.php?mpid=42569
41716,Jonathan,Lord,Con,https://www.publicwhip.org.uk/mp.php?mpid=41716
42513,Jonathan,Lord,Con,https://www.publicwhip.org.uk/mp.php?mpid=42513
41823,Tim,Loughton,Con,https://www.publicwhip.org.uk/mp.php?mpid=41823
42618,Tim,Loughton,Con,https://www.publicwhip.org.uk/mp.php?mpid=42618
41772,Caroline,Lucas,Green,https://www.publicwhip.org.uk/mp.php?mpid=41772
42466,Caroline,Lucas,Green,https://www.publicwhip.org.uk/mp.php?mpid=42466
41396,Ian,Lucas,Lab,https://www.publicwhip.org.uk/mp.php?mpid=41396
41852,Holly,Lynch,Lab,https://www.publicwhip.org.uk/mp.php?mpid=41852
42619,Holly,Lynch,Lab,https://www.publicwhip.org.uk/mp.php?mpid=42619
42301,Kenny,MacAskill,SNP,https://www.publicwhip.org.uk/mp.php?mpid=42301
41962,Craig,Mackinlay,Con,https://www.publicwhip.org.uk/mp.php?mpid=41962
42668,Craig,Mackinlay,Con,https://www.publicwhip.org.uk/mp.php?mpid=42668
42147,Cherilyn,Mackrory,Con,https://www.publicwhip.org.uk/mp.php?mpid=42147
41934,Rachel,Maclean,Con,https://www.publicwhip.org.uk/mp.php?mpid=41934
42395,Rachel,Maclean,Con,https://www.publicwhip.org.uk/mp.php?mpid=42395
41477,Angus,MacNeil,SNP,https://www.publicwhip.org.uk/mp.php?mpid=41477
42332,Angus,MacNeil,SNP,https://www.publicwhip.org.uk/mp.php?mpid=42332
41832,Justin,Madders,Lab,https://www.publicwhip.org.uk/mp.php?mpid=41832
42676,Justin,Madders,Lab,https://www.publicwhip.org.uk/mp.php?mpid=42676
41756,Khalid,Mahmood,Lab,https://www.publicwhip.org.uk/mp.php?mpid=41756
42396,Khalid,Mahmood,Lab,https://www.publicwhip.org.uk/mp.php?mpid=42396
41643,Shabana,Mahmood,Lab,https://www.publicwhip.org.uk/mp.php?mpid=41643
42408,Shabana,Mahmood,Lab,https://www.publicwhip.org.uk/mp.php?mpid=42408
41575,Anne,Main,Con,https://www.publicwhip.org.uk/mp.php?mpid=41575
41415,Alan,Mak,Con,https://www.publicwhip.org.uk/mp.php?mpid=41415
42256,Alan,Mak,Con,https://www.publicwhip.org.uk/mp.php?mpid=42256
41840,Seema,Malhotra,Lab,https://www.publicwhip.org.uk/mp.php?mpid=41840
42563,Seema,Malhotra,Lab,https://www.publicwhip.org.uk/mp.php?mpid=42563
41914,Kit,Malthouse,Con,https://www.publicwhip.org.uk/mp.php?mpid=41914
42594,Kit,Malthouse,Con,https://www.publicwhip.org.uk/mp.php?mpid=42594
42385,Anthony,Mangnall,Con,https://www.publicwhip.org.uk/mp.php?mpid=42385
42019,Scott,Mann,Con,https://www.publicwhip.org.uk/mp.php?mpid=42019
42697,Scott,Mann,Con,https://www.publicwhip.org.uk/mp.php?mpid=42697
41758,Gordon,Marsden,Lab,https://www.publicwhip.org.uk/mp.php?mpid=41758
42454,Julie,Marson,Con,https://www.publicwhip.org.uk/mp.php?mpid=42454
41567,Sandy,Martin,Lab,https://www.publicwhip.org.uk/mp.php?mpid=41567
42015,Rachael,Maskell,Lab,https://www.publicwhip.org.uk/mp.php?mpid=42015
42469,Rachael,Maskell,Lab,https://www.publicwhip.org.uk/mp.php?mpid=42469
41677,Paul,Masterton,Con,https://www.publicwhip.org.uk/mp.php?mpid=41677
41798,Chris,Matheson,Lab,https://www.publicwhip.org.uk/mp.php?mpid=41798
42509,Chris,Matheson,Lab,https://www.publicwhip.org.uk/mp.php?mpid=42509
41709,Theresa,May,Con,https://www.publicwhip.org.uk/mp.php?mpid=41709
42442,Theresa,May,Con,https://www.publicwhip.org.uk/mp.php?mpid=42442
42609,Jerome,Mayhew,Con,https://www.publicwhip.org.uk/mp.php?mpid=42609
41527,Paul,Maynard,Con,https://www.publicwhip.org.uk/mp.php?mpid=41527
42160,Paul,Maynard,Con,https://www.publicwhip.org.uk/mp.php?mpid=42160
41702,Steve,McCabe,Lab,https://www.publicwhip.org.uk/mp.php?mpid=41702
42207,Steve,McCabe,Lab,https://www.publicwhip.org.uk/mp.php?mpid=42207
41539,Kerry,McCarthy,Lab,https://www.publicwhip.org.uk/mp.php?mpid=41539
42329,Kerry,McCarthy,Lab,https://www.publicwhip.org.uk/mp.php?mpid=42329
42714,Jason,McCartney,Con,https://www.publicwhip.org.uk/mp.php?mpid=42714
42377,Karl,McCartney,Con,https://www.publicwhip.org.uk/mp.php?mpid=42377
41568,Siobhain,McDonagh,Lab,https://www.publicwhip.org.uk/mp.php?mpid=41568
42228,Siobhain,McDonagh,Lab,https://www.publicwhip.org.uk/mp.php?mpid=42228
41383,Andy,McDonald,Lab,https://www.publicwhip.org.uk/mp.php?mpid=41383
42084,Andy,McDonald,Lab,https://www.publicwhip.org.uk/mp.php?mpid=42084
41692,Stewart,McDonald,SNP,https://www.publicwhip.org.uk/mp.php?mpid=41692
42459,Stewart,McDonald,SNP,https://www.publicwhip.org.uk/mp.php?mpid=42459
41807,Stuart,McDonald,SNP,https://www.publicwhip.org.uk/mp.php?mpid=41807
42456,Stuart,McDonald,SNP,https://www.publicwhip.org.uk/mp.php?mpid=42456
41665,John Martin,McDonnell,Lab,https://www.publicwhip.org.uk/mp.php?mpid=41665
42281,John Martin,McDonnell,Lab,https://www.publicwhip.org.uk/mp.php?mpid=42281
41511,Pat,McFadden,Lab,https://www.publicwhip.org.uk/mp.php?mpid=41511
42265,Pat,McFadden,Lab,https://www.publicwhip.org.uk/mp.php?mpid=42265
41448,Conor,McGinn,Lab,https://www.publicwhip.org.uk/mp.php?mpid=41448
42125,Conor,McGinn,Lab,https://www.publicwhip.org.uk/mp.php?mpid=42125
41510,Alison,McGovern,Lab,https://www.publicwhip.org.uk/mp.php?mpid=41510
42176,Alison,McGovern,Lab,https://www.publicwhip.org.uk/mp.php?mpid=42176
41476,Liz,McInnes,Lab,https://www.publicwhip.org.uk/mp.php?mpid=41476
41377,Catherine,McKinnell,Lab,https://www.publicwhip.org.uk/mp.php?mpid=41377
42088,Catherine,McKinnell,Lab,https://www.publicwhip.org.uk/mp.php?mpid=42088
42405,Anne,McLaughlin,SNP,https://www.publicwhip.org.uk/mp.php?mpid=42405
41812,Patrick,McLoughlin,Con,https://www.publicwhip.org.uk/mp.php?mpid=41812
41921,Jim,McMahon,Lab,https://www.publicwhip.org.uk/mp.php?mpid=41921
42496,Jim,McMahon,Lab,https://www.publicwhip.org.uk/mp.php?mpid=42496
41645,Anna,McMorrin,Lab,https://www.publicwhip.org.uk/mp.php?mpid=41645
42462,Anna,McMorrin,Lab,https://www.publicwhip.org.uk/mp.php?mpid=42462
41464,John,McNally,SNP,https://www.publicwhip.org.uk/mp.php?mpid=41464
42441,John,McNally,SNP,https://www.publicwhip.org.uk/mp.php?mpid=42441
41576,Stephen,McPartland,Con,https://www.publicwhip.org.uk/mp.php?mpid=41576
42170,Stephen,McPartland,Con,https://www.publicwhip.org.uk/mp.php?mpid=42170
41982,Esther,McVey,Con,https://www.publicwhip.org.uk/mp.php?mpid=41982
42306,Esther,McVey,Con,https://www.publicwhip.org.uk/mp.php?mpid=42306
41453,Ian,Mearns,Lab,https://www.publicwhip.org.uk/mp.php?mpid=41453
42157,Ian,Mearns,Lab,https://www.publicwhip.org.uk/mp.php?mpid=42157
41483,Mark,Menzies,Con,https://www.publicwhip.org.uk/mp.php?mpid=41483
42098,Mark,Menzies,Con,https://www.publicwhip.org.uk/mp.php?mpid=42098
41926,Johnny,Mercer,Con,https://www.publicwhip.org.uk/mp.php?mpid=41926
42686,Johnny,Mercer,Con,https://www.publicwhip.org.uk/mp.php?mpid=42686
41752,Huw,Merriman,Con,https://www.publicwhip.org.uk/mp.php?mpid=41752
42511,Huw,Merriman,Con,https://www.publicwhip.org.uk/mp.php?mpid=42511
41386,Stephen,Metcalfe,Con,https://www.publicwhip.org.uk/mp.php?mpid=41386
42240,Stephen,Metcalfe,Con,https://www.publicwhip.org.uk/mp.php?mpid=42240
41815,Ed,Miliband,Lab,https://www.publicwhip.org.uk/mp.php?mpid=41815
42379,Ed,Miliband,Lab,https://www.publicwhip.org.uk/mp.php?mpid=42379
42262,Robin,Millar,Con,https://www.publicwhip.org.uk/mp.php?mpid=42262
41743,Maria,Miller,Con,https://www.publicwhip.org.uk/mp.php?mpid=41743
42387,Maria,Miller,Con,https://www.publicwhip.org.uk/mp.php?mpid=42387
41452,Amanda,Milling,Con,https://www.publicwhip.org.uk/mp.php?mpid=41452
42146,Amanda,Milling,Con,https://www.publicwhip.org.uk/mp.php?mpid=42146
41494,Nigel,Mills,Con,https://www.publicwhip.org.uk/mp.php?mpid=41494
42271,Nigel,Mills,Con,https://www.publicwhip.org.uk/mp.php?mpid=42271
41565,Anne,Milton,Con,https://www.publicwhip.org.uk/mp.php?mpid=41565
42061,Anne,Milton,Independent,https://www.publicwhip.org.uk/mp.php?mpid=42061
42276,Navendu,Mishra,Lab,https://www.publicwhip.org.uk/mp.php?mpid=42276
41524,Andrew,Mitchell,Con,https://www.publicwhip.org.uk/mp.php?mpid=41524
42432,Andrew,Mitchell,Con,https://www.publicwhip.org.uk/mp.php?mpid=42432
42680,Gagan,Mohindra,Con,https://www.publicwhip.org.uk/mp.php?mpid=42680
41679,Carol,Monaghan,SNP,https://www.publicwhip.org.uk/mp.php?mpid=41679
42576,Carol,Monaghan,SNP,https://www.publicwhip.org.uk/mp.php?mpid=42576
41481,Madeleine,Moon,Lab,https://www.publicwhip.org.uk/mp.php?mpid=41481
41523,Damien,Moore,Con,https://www.publicwhip.org.uk/mp.php?mpid=41523
42129,Damien,Moore,Con,https://www.publicwhip.org.uk/mp.php?mpid=42129
42691,Robbie,Moore,Con,https://www.publicwhip.org.uk/mp.php?mpid=42691
41924,Layla,Moran,LDem,https://www.publicwhip.org.uk/mp.php?mpid=41924
42701,Layla,Moran,LDem,https://www.publicwhip.org.uk/mp.php?mpid=42701
41655,Penny,Mordaunt,Con,https://www.publicwhip.org.uk/mp.php?mpid=41655
42573,Penny,Mordaunt,Con,https://www.publicwhip.org.uk/mp.php?mpid=42573
41430,Jessica,Morden,Lab,https://www.publicwhip.org.uk/mp.php?mpid=41430
42196,Jessica,Morden,Lab,https://www.publicwhip.org.uk/mp.php?mpid=42196
41884,Nicky,Morgan,Con,https://www.publicwhip.org.uk/mp.php?mpid=41884
41714,Stephen,Morgan,Lab,https://www.publicwhip.org.uk/mp.php?mpid=41714
42394,Stephen,Morgan,Lab,https://www.publicwhip.org.uk/mp.php?mpid=42394
41487,Anne Marie,Morris,Con,https://www.publicwhip.org.uk/mp.php?mpid=41487
42163,Anne Marie,Morris,Con,https://www.publicwhip.org.uk/mp.php?mpid=42163
41896,David,Morris,Con,https://www.publicwhip.org.uk/mp.php?mpid=41896
42532,David,Morris,Con,https://www.publicwhip.org.uk/mp.php?mpid=42532
41618,Grahame,Morris,Lab,https://www.publicwhip.org.uk/mp.php?mpid=41618
42313,Grahame,Morris,Lab,https://www.publicwhip.org.uk/mp.php?mpid=42313
41851,James,Morris,Con,https://www.publicwhip.org.uk/mp.php?mpid=41851
42681,James,Morris,Con,https://www.publicwhip.org.uk/mp.php?mpid=42681
42435,Joy,Morrissey,Con,https://www.publicwhip.org.uk/mp.php?mpid=42435
41658,Wendy,Morton,Con,https://www.publicwhip.org.uk/mp.php?mpid=41658
42328,Wendy,Morton,Con,https://www.publicwhip.org.uk/mp.php?mpid=42328
42486,Kieran,Mullan,Con,https://www.publicwhip.org.uk/mp.php?mpid=42486
42165,Holly,Mumby-Croft,Con,https://www.publicwhip.org.uk/mp.php?mpid=42165
41820,David,Mundell,Con,https://www.publicwhip.org.uk/mp.php?mpid=41820
42620,David,Mundell,Con,https://www.publicwhip.org.uk/mp.php?mpid=42620
41828,Ian,Murray,Lab,https://www.publicwhip.org.uk/mp.php?mpid=41828
42481,Ian,Murray,Lab,https://www.publicwhip.org.uk/mp.php?mpid=42481
42133,James,Murray,Lab,https://www.publicwhip.org.uk/mp.php?mpid=42133
42018,Sheryll,Murray,Con,https://www.publicwhip.org.uk/mp.php?mpid=42018
42705,Sheryll,Murray,Con,https://www.publicwhip.org.uk/mp.php?mpid=42705
41715,Andrew,Murrison,Con,https://www.publicwhip.org.uk/mp.php?mpid=41715
42543,Andrew,Murrison,Con,https://www.publicwhip.org.uk/mp.php?mpid=42543
41401,Lisa,Nandy,Lab,https://www.publicwhip.org.uk/mp.php?mpid=41401
42217,Lisa,Nandy,Lab,https://www.publicwhip.org.uk/mp.php?mpid=42217
41774,Bob,Neill,Con,https://www.publicwhip.org.uk/mp.php?mpid=41774
42433,Bob,Neill,Con,https://www.publicwhip.org.uk/mp.php?mpid=42433
41467,Gavin,Newlands,SNP,https://www.publicwhip.org.uk/mp.php?mpid=41467
42201,Gavin,Newlands,SNP,https://www.publicwhip.org.uk/mp.php?mpid=42201
41990,Sarah,Newton,Con,https://www.publicwhip.org.uk/mp.php?mpid=41990
42488,Charlotte,Nichols,Lab,https://www.publicwhip.org.uk/mp.php?mpid=42488
42378,Lia,Nici,Con,https://www.publicwhip.org.uk/mp.php?mpid=42378
42186,John,Nicolson,SNP,https://www.publicwhip.org.uk/mp.php?mpid=42186
41730,Caroline,Nokes,Con,https://www.publicwhip.org.uk/mp.php?mpid=41730
42070,Caroline,Nokes,Independent,https://www.publicwhip.org.uk/mp.php?mpid=42070
42453,Caroline,Nokes,Con,https://www.publicwhip.org.uk/mp.php?mpid=42453
41863,Jesse,Norman,Con,https://www.publicwhip.org.uk/mp.php?mpid=41863
42688,Jesse,Norman,Con,https://www.publicwhip.org.uk/mp.php?mpid=42688
41919,Alex,Norris,Lab,https://www.publicwhip.org.uk/mp.php?mpid=41919
42164,Alex,Norris,Lab,https://www.publicwhip.org.uk/mp.php?mpid=42164
41856,Neil,O&#39;Brien,Con,https://www.publicwhip.org.uk/mp.php?mpid=41856
42552,Neil,O&#39;Brien,Con,https://www.publicwhip.org.uk/mp.php?mpid=42552
41735,Brendan,O&#39;Hara,SNP,https://www.publicwhip.org.uk/mp.php?mpid=41735
42712,Brendan,O&#39;Hara,SNP,https://www.publicwhip.org.uk/mp.php?mpid=42712
41574,Jared,O&#39;Mara,Lab,https://www.publicwhip.org.uk/mp.php?mpid=41574
42022,Jared,O&#39;Mara,Independent,https://www.publicwhip.org.uk/mp.php?mpid=42022
41861,Matthew,Offord,Con,https://www.publicwhip.org.uk/mp.php?mpid=41861
42699,Matthew,Offord,Con,https://www.publicwhip.org.uk/mp.php?mpid=42699
42289,Sarah,Olney,LDem,https://www.publicwhip.org.uk/mp.php?mpid=42289
41591,Fiona,Onasanya,Lab,https://www.publicwhip.org.uk/mp.php?mpid=41591
42031,Fiona,Onasanya,Independent,https://www.publicwhip.org.uk/mp.php?mpid=42031
41500,Melanie,Onn,Lab,https://www.publicwhip.org.uk/mp.php?mpid=41500
41372,Chi,Onwurah,Lab,https://www.publicwhip.org.uk/mp.php?mpid=41372
42077,Chi,Onwurah,Lab,https://www.publicwhip.org.uk/mp.php?mpid=42077
41864,Guy,Opperman,Con,https://www.publicwhip.org.uk/mp.php?mpid=41864
42337,Guy,Opperman,Con,https://www.publicwhip.org.uk/mp.php?mpid=42337
42310,Abena,Oppong-Asare,Lab,https://www.publicwhip.org.uk/mp.php?mpid=42310
41831,Kate,Osamor,Lab,https://www.publicwhip.org.uk/mp.php?mpid=41831
42211,Kate,Osamor,Lab,https://www.publicwhip.org.uk/mp.php?mpid=42211
42097,Kate,Osborne,Lab,https://www.publicwhip.org.uk/mp.php?mpid=42097
42244,Kirsten,Oswald,SNP,https://www.publicwhip.org.uk/mp.php?mpid=42244
42665,Taiwo,Owatemi,Lab,https://www.publicwhip.org.uk/mp.php?mpid=42665
41537,Albert,Owen,Lab,https://www.publicwhip.org.uk/mp.php?mpid=41537
42227,Sarah,Owen,Lab,https://www.publicwhip.org.uk/mp.php?mpid=42227
41571,Ian,Paisley Jnr,DUP,https://www.publicwhip.org.uk/mp.php?mpid=41571
42657,Ian,Paisley Jnr,DUP,https://www.publicwhip.org.uk/mp.php?mpid=42657
41987,Neil,Parish,Con,https://www.publicwhip.org.uk/mp.php?mpid=41987
42678,Neil,Parish,Con,https://www.publicwhip.org.uk/mp.php?mpid=42678
42011,Priti,Patel,Con,https://www.publicwhip.org.uk/mp.php?mpid=42011
42388,Priti,Patel,Con,https://www.publicwhip.org.uk/mp.php?mpid=42388
41911,Owen,Paterson,Con,https://www.publicwhip.org.uk/mp.php?mpid=41911
42586,Owen,Paterson,Con,https://www.publicwhip.org.uk/mp.php?mpid=42586
41479,Mark,Pawsey,Con,https://www.publicwhip.org.uk/mp.php?mpid=41479
42123,Mark,Pawsey,Con,https://www.publicwhip.org.uk/mp.php?mpid=42123
41427,Stephanie,Peacock,Lab,https://www.publicwhip.org.uk/mp.php?mpid=41427
42106,Stephanie,Peacock,Lab,https://www.publicwhip.org.uk/mp.php?mpid=42106
41837,Teresa,Pearce,Lab,https://www.publicwhip.org.uk/mp.php?mpid=41837
41465,Mike,Penning,Con,https://www.publicwhip.org.uk/mp.php?mpid=41465
42110,Mike,Penning,Con,https://www.publicwhip.org.uk/mp.php?mpid=42110
41649,Matthew,Pennycook,Lab,https://www.publicwhip.org.uk/mp.php?mpid=41649
42417,Matthew,Pennycook,Lab,https://www.publicwhip.org.uk/mp.php?mpid=42417
42009,John,Penrose,Con,https://www.publicwhip.org.uk/mp.php?mpid=42009
42631,John,Penrose,Con,https://www.publicwhip.org.uk/mp.php?mpid=42631
41770,Andrew,Percy,Con,https://www.publicwhip.org.uk/mp.php?mpid=41770
42558,Andrew,Percy,Con,https://www.publicwhip.org.uk/mp.php?mpid=42558
41795,Toby,Perkins,Lab,https://www.publicwhip.org.uk/mp.php?mpid=41795
42484,Toby,Perkins,Lab,https://www.publicwhip.org.uk/mp.php?mpid=42484
41813,Claire,Perry,Con,https://www.publicwhip.org.uk/mp.php?mpid=41813
41585,Jess,Phillips,Lab,https://www.publicwhip.org.uk/mp.php?mpid=41585
42502,Jess,Phillips,Lab,https://www.publicwhip.org.uk/mp.php?mpid=42502
41371,Bridget,Phillipson,Lab,https://www.publicwhip.org.uk/mp.php?mpid=41371
42078,Bridget,Phillipson,Lab,https://www.publicwhip.org.uk/mp.php?mpid=42078
41806,Chris,Philp,Con,https://www.publicwhip.org.uk/mp.php?mpid=41806
42720,Chris,Philp,Con,https://www.publicwhip.org.uk/mp.php?mpid=42720
41605,Laura,Pidcock,Lab,https://www.publicwhip.org.uk/mp.php?mpid=41605
41493,Christopher,Pincher,Con,https://www.publicwhip.org.uk/mp.php?mpid=41493
42420,Christopher,Pincher,Con,https://www.publicwhip.org.uk/mp.php?mpid=42420
41390,Jo,Platt,Lab,https://www.publicwhip.org.uk/mp.php?mpid=41390
41927,Luke,Pollard,Lab,https://www.publicwhip.org.uk/mp.php?mpid=41927
42660,Luke,Pollard,Lab,https://www.publicwhip.org.uk/mp.php?mpid=42660
41788,Daniel,Poulter,Con,https://www.publicwhip.org.uk/mp.php?mpid=41788
42386,Daniel,Poulter,Con,https://www.publicwhip.org.uk/mp.php?mpid=42386
41821,Steve,Pound,Lab,https://www.publicwhip.org.uk/mp.php?mpid=41821
41983,Rebecca,Pow,Con,https://www.publicwhip.org.uk/mp.php?mpid=41983
42628,Rebecca,Pow,Con,https://www.publicwhip.org.uk/mp.php?mpid=42628
41636,Lucy,Powell,Lab,https://www.publicwhip.org.uk/mp.php?mpid=41636
42519,Lucy,Powell,Lab,https://www.publicwhip.org.uk/mp.php?mpid=42519
41740,Victoria,Prentis,Con,https://www.publicwhip.org.uk/mp.php?mpid=41740
42595,Victoria,Prentis,Con,https://www.publicwhip.org.uk/mp.php?mpid=42595
41475,Mark,Prisk,Con,https://www.publicwhip.org.uk/mp.php?mpid=41475
41608,Mark,Pritchard,Con,https://www.publicwhip.org.uk/mp.php?mpid=41608
42321,Mark,Pritchard,Con,https://www.publicwhip.org.uk/mp.php?mpid=42321
41801,Tom,Pursglove,Con,https://www.publicwhip.org.uk/mp.php?mpid=41801
42663,Tom,Pursglove,Con,https://www.publicwhip.org.uk/mp.php?mpid=42663
41867,Jeremy,Quin,Con,https://www.publicwhip.org.uk/mp.php?mpid=41867
42721,Jeremy,Quin,Con,https://www.publicwhip.org.uk/mp.php?mpid=42721
41541,Will,Quince,Con,https://www.publicwhip.org.uk/mp.php?mpid=41541
42155,Will,Quince,Con,https://www.publicwhip.org.uk/mp.php?mpid=42155
41611,Yasmin,Qureshi,Lab,https://www.publicwhip.org.uk/mp.php?mpid=41611
42200,Yasmin,Qureshi,Lab,https://www.publicwhip.org.uk/mp.php?mpid=42200
41678,Dominic,Raab,Con,https://www.publicwhip.org.uk/mp.php?mpid=41678
42287,Dominic,Raab,Con,https://www.publicwhip.org.uk/mp.php?mpid=42287
42280,Tom,Randall,Con,https://www.publicwhip.org.uk/mp.php?mpid=42280
41998,Faisal,Rashid,Lab,https://www.publicwhip.org.uk/mp.php?mpid=41998
41738,Angela,Rayner,Lab,https://www.publicwhip.org.uk/mp.php?mpid=41738
42423,Angela,Rayner,Lab,https://www.publicwhip.org.uk/mp.php?mpid=42423
41581,John,Redwood,Con,https://www.publicwhip.org.uk/mp.php?mpid=41581
42198,John,Redwood,Con,https://www.publicwhip.org.uk/mp.php?mpid=42198
41805,Steve,Reed,Lab,https://www.publicwhip.org.uk/mp.php?mpid=41805
42717,Steve,Reed,Lab,https://www.publicwhip.org.uk/mp.php?mpid=42717
41531,Christina,Rees,Lab,https://www.publicwhip.org.uk/mp.php?mpid=41531
42253,Christina,Rees,Lab,https://www.publicwhip.org.uk/mp.php?mpid=42253
41909,Jacob,Rees-Mogg,Con,https://www.publicwhip.org.uk/mp.php?mpid=41909
42345,Jacob,Rees-Mogg,Con,https://www.publicwhip.org.uk/mp.php?mpid=42345
41880,Ellie,Reeves,Lab,https://www.publicwhip.org.uk/mp.php?mpid=41880
42138,Ellie,Reeves,Lab,https://www.publicwhip.org.uk/mp.php?mpid=42138
41680,Rachel,Reeves,Lab,https://www.publicwhip.org.uk/mp.php?mpid=41680
42380,Rachel,Reeves,Lab,https://www.publicwhip.org.uk/mp.php?mpid=42380
41436,Emma,Reynolds,Lab,https://www.publicwhip.org.uk/mp.php?mpid=41436
41972,Jonathan,Reynolds,Lab,https://www.publicwhip.org.uk/mp.php?mpid=41972
42604,Jonathan,Reynolds,Lab,https://www.publicwhip.org.uk/mp.php?mpid=42604
42340,Bell,Ribeiro-Addy,Lab,https://www.publicwhip.org.uk/mp.php?mpid=42340
42268,Nicola,Richards,Con,https://www.publicwhip.org.uk/mp.php?mpid=42268
42245,Angela,Richardson,Con,https://www.publicwhip.org.uk/mp.php?mpid=42245
41470,Marie,Rimmer,Lab,https://www.publicwhip.org.uk/mp.php?mpid=41470
42370,Marie,Rimmer,Lab,https://www.publicwhip.org.uk/mp.php?mpid=42370
42322,Rob,Roberts,Con,https://www.publicwhip.org.uk/mp.php?mpid=42322
41984,Laurence,Robertson,Con,https://www.publicwhip.org.uk/mp.php?mpid=41984
42617,Laurence,Robertson,Con,https://www.publicwhip.org.uk/mp.php?mpid=42617
41583,Gavin,Robinson,DUP,https://www.publicwhip.org.uk/mp.php?mpid=41583
42339,Gavin,Robinson,DUP,https://www.publicwhip.org.uk/mp.php?mpid=42339
41588,Geoffrey,Robinson,Lab,https://www.publicwhip.org.uk/mp.php?mpid=41588
41792,Mary,Robinson,Con,https://www.publicwhip.org.uk/mp.php?mpid=41792
42475,Mary,Robinson,Con,https://www.publicwhip.org.uk/mp.php?mpid=42475
41932,Matt,Rodda,Lab,https://www.publicwhip.org.uk/mp.php?mpid=41932
42384,Matt,Rodda,Lab,https://www.publicwhip.org.uk/mp.php?mpid=42384
41572,Andrew,Rosindell,Con,https://www.publicwhip.org.uk/mp.php?mpid=41572
42239,Andrew,Rosindell,Con,https://www.publicwhip.org.uk/mp.php?mpid=42239
41486,Douglas,Ross,Con,https://www.publicwhip.org.uk/mp.php?mpid=41486
42296,Douglas,Ross,Con,https://www.publicwhip.org.uk/mp.php?mpid=42296
41504,Danielle,Rowley,Lab,https://www.publicwhip.org.uk/mp.php?mpid=41504
41907,Lee,Rowley,Con,https://www.publicwhip.org.uk/mp.php?mpid=41907
42409,Lee,Rowley,Con,https://www.publicwhip.org.uk/mp.php?mpid=42409
41422,Chris,Ruane,Lab,https://www.publicwhip.org.uk/mp.php?mpid=41422
41858,Amber,Rudd,Con,https://www.publicwhip.org.uk/mp.php?mpid=41858
42076,Amber,Rudd,Independent,https://www.publicwhip.org.uk/mp.php?mpid=42076
42247,Dean,Russell,Con,https://www.publicwhip.org.uk/mp.php?mpid=42247
41771,Lloyd,Russell-Moyle,Lab,https://www.publicwhip.org.uk/mp.php?mpid=41771
42549,Lloyd,Russell-Moyle,Lab,https://www.publicwhip.org.uk/mp.php?mpid=42549
41887,David,Rutley,Con,https://www.publicwhip.org.uk/mp.php?mpid=41887
42335,David,Rutley,Con,https://www.publicwhip.org.uk/mp.php?mpid=42335
41834,Joan,Ryan,Lab,https://www.publicwhip.org.uk/mp.php?mpid=41834
42039,Joan,Ryan,Independent,https://www.publicwhip.org.uk/mp.php?mpid=42039
42500,Gary,Sambrook,Con,https://www.publicwhip.org.uk/mp.php?mpid=42500
41826,Antoinette,Sandbach,Con,https://www.publicwhip.org.uk/mp.php?mpid=41826
42075,Antoinette,Sandbach,Independent,https://www.publicwhip.org.uk/mp.php?mpid=42075
41563,Liz,Saville-Roberts,PC,https://www.publicwhip.org.uk/mp.php?mpid=41563
42167,Liz,Saville-Roberts,PC,https://www.publicwhip.org.uk/mp.php?mpid=42167
42468,Selaine,Saxby,Con,https://www.publicwhip.org.uk/mp.php?mpid=42468
41731,Paul,Scully,Con,https://www.publicwhip.org.uk/mp.php?mpid=41731
42476,Paul,Scully,Con,https://www.publicwhip.org.uk/mp.php?mpid=42476
41631,Bob,Seely,Con,https://www.publicwhip.org.uk/mp.php?mpid=41631
42418,Bob,Seely,Con,https://www.publicwhip.org.uk/mp.php?mpid=42418
41963,Andrew,Selous,Con,https://www.publicwhip.org.uk/mp.php?mpid=41963
42305,Andrew,Selous,Con,https://www.publicwhip.org.uk/mp.php?mpid=42305
41764,Naseem,Shah,Lab,https://www.publicwhip.org.uk/mp.php?mpid=41764
42081,Naseem,Shah,Lab,https://www.publicwhip.org.uk/mp.php?mpid=42081
41404,Jim,Shannon,DUP,https://www.publicwhip.org.uk/mp.php?mpid=41404
42221,Jim,Shannon,DUP,https://www.publicwhip.org.uk/mp.php?mpid=42221
42003,Grant,Shapps,Con,https://www.publicwhip.org.uk/mp.php?mpid=42003
42667,Grant,Shapps,Con,https://www.publicwhip.org.uk/mp.php?mpid=42667
41933,Alok,Sharma,Con,https://www.publicwhip.org.uk/mp.php?mpid=41933
42591,Alok,Sharma,Con,https://www.publicwhip.org.uk/mp.php?mpid=42591
41628,Virendra,Sharma,Lab,https://www.publicwhip.org.uk/mp.php?mpid=41628
42260,Virendra,Sharma,Lab,https://www.publicwhip.org.uk/mp.php?mpid=42260
41869,Barry,Sheerman,Lab,https://www.publicwhip.org.uk/mp.php?mpid=41869
42638,Barry,Sheerman,Lab,https://www.publicwhip.org.uk/mp.php?mpid=42638
41833,Alec,Shelbrooke,Con,https://www.publicwhip.org.uk/mp.php?mpid=41833
42523,Alec,Shelbrooke,Con,https://www.publicwhip.org.uk/mp.php?mpid=42523
41691,Tommy,Sheppard,SNP,https://www.publicwhip.org.uk/mp.php?mpid=41691
42661,Tommy,Sheppard,SNP,https://www.publicwhip.org.uk/mp.php?mpid=42661
41814,Paula,Sherriff,Lab,https://www.publicwhip.org.uk/mp.php?mpid=41814
41634,Gavin,Shuker,Lab,https://www.publicwhip.org.uk/mp.php?mpid=41634
42038,Gavin,Shuker,Independent,https://www.publicwhip.org.uk/mp.php?mpid=42038
41855,Tulip,Siddiq,Lab,https://www.publicwhip.org.uk/mp.php?mpid=41855
42342,Tulip,Siddiq,Lab,https://www.publicwhip.org.uk/mp.php?mpid=42342
42516,David,Simmonds,Con,https://www.publicwhip.org.uk/mp.php?mpid=42516
41991,David,Simpson,DUP,https://www.publicwhip.org.uk/mp.php?mpid=41991
41773,Keith,Simpson,Con,https://www.publicwhip.org.uk/mp.php?mpid=41773
41874,Chris,Skidmore,Con,https://www.publicwhip.org.uk/mp.php?mpid=41874
42493,Chris,Skidmore,Con,https://www.publicwhip.org.uk/mp.php?mpid=42493
41760,Dennis,Skinner,Lab,https://www.publicwhip.org.uk/mp.php?mpid=41760
41854,Andrew,Slaughter,Lab,https://www.publicwhip.org.uk/mp.php?mpid=41854
42361,Andrew,Slaughter,Lab,https://www.publicwhip.org.uk/mp.php?mpid=42361
41976,Ruth,Smeeth,Lab,https://www.publicwhip.org.uk/mp.php?mpid=41976
42316,Alyn,Smith,SNP,https://www.publicwhip.org.uk/mp.php?mpid=42316
41729,Angela,Smith,Lab,https://www.publicwhip.org.uk/mp.php?mpid=41729
42036,Angela,Smith,Independent,https://www.publicwhip.org.uk/mp.php?mpid=42036
41875,Cat,Smith,Lab,https://www.publicwhip.org.uk/mp.php?mpid=41875
42448,Cat,Smith,Lab,https://www.publicwhip.org.uk/mp.php?mpid=42448
41621,Chloe,Smith,Con,https://www.publicwhip.org.uk/mp.php?mpid=41621
42575,Chloe,Smith,Con,https://www.publicwhip.org.uk/mp.php?mpid=42575
41525,Eleanor,Smith,Lab,https://www.publicwhip.org.uk/mp.php?mpid=41525
42707,Greg,Smith,Con,https://www.publicwhip.org.uk/mp.php?mpid=42707
41802,Henry,Smith,Con,https://www.publicwhip.org.uk/mp.php?mpid=41802
42471,Henry,Smith,Con,https://www.publicwhip.org.uk/mp.php?mpid=42471
41683,Jeff,Smith,Lab,https://www.publicwhip.org.uk/mp.php?mpid=41683
42683,Jeff,Smith,Lab,https://www.publicwhip.org.uk/mp.php?mpid=42683
41952,Julian,Smith,Con,https://www.publicwhip.org.uk/mp.php?mpid=41952
42555,Julian,Smith,Con,https://www.publicwhip.org.uk/mp.php?mpid=42555
41803,Laura,Smith,Lab,https://www.publicwhip.org.uk/mp.php?mpid=41803
41438,Nick,Smith,Lab,https://www.publicwhip.org.uk/mp.php?mpid=41438
42401,Nick,Smith,Lab,https://www.publicwhip.org.uk/mp.php?mpid=42401
41447,Owen,Smith,Lab,https://www.publicwhip.org.uk/mp.php?mpid=41447
41968,Royston,Smith,Con,https://www.publicwhip.org.uk/mp.php?mpid=41968
42647,Royston,Smith,Con,https://www.publicwhip.org.uk/mp.php?mpid=42647
41553,Karin,Smyth,Lab,https://www.publicwhip.org.uk/mp.php?mpid=41553
42463,Karin,Smyth,Lab,https://www.publicwhip.org.uk/mp.php?mpid=42463
41975,Gareth,Snell,Lab,https://www.publicwhip.org.uk/mp.php?mpid=41975
41893,Nicholas,Soames,Con,https://www.publicwhip.org.uk/mp.php?mpid=41893
42059,Nicholas,Soames,Independent,https://www.publicwhip.org.uk/mp.php?mpid=42059
41878,Alex,Sobel,Lab,https://www.publicwhip.org.uk/mp.php?mpid=41878
42447,Alex,Sobel,Lab,https://www.publicwhip.org.uk/mp.php?mpid=42447
42670,Amanda,Solloway,Con,https://www.publicwhip.org.uk/mp.php?mpid=42670
41776,Anna,Soubry,Con,https://www.publicwhip.org.uk/mp.php?mpid=41776
42041,Anna,Soubry,Independent,https://www.publicwhip.org.uk/mp.php?mpid=42041
41423,John,Spellar,Lab,https://www.publicwhip.org.uk/mp.php?mpid=41423
42242,John,Spellar,Lab,https://www.publicwhip.org.uk/mp.php?mpid=42242
41590,Caroline,Spelman,Con,https://www.publicwhip.org.uk/mp.php?mpid=41590
42504,Ben,Spencer,Con,https://www.publicwhip.org.uk/mp.php?mpid=42504
41949,Mark,Spencer,Con,https://www.publicwhip.org.uk/mp.php?mpid=41949
42625,Mark,Spencer,Con,https://www.publicwhip.org.uk/mp.php?mpid=42625
42376,Alexander,Stafford,Con,https://www.publicwhip.org.uk/mp.php?mpid=42376
41865,Keir,Starmer,Lab,https://www.publicwhip.org.uk/mp.php?mpid=41865
42587,Keir,Starmer,Lab,https://www.publicwhip.org.uk/mp.php?mpid=42587
41706,Chris,Stephens,SNP,https://www.publicwhip.org.uk/mp.php?mpid=41706
42581,Chris,Stephens,SNP,https://www.publicwhip.org.uk/mp.php?mpid=42581
41506,Andrew,Stephenson,Con,https://www.publicwhip.org.uk/mp.php?mpid=41506
42251,Andrew,Stephenson,Con,https://www.publicwhip.org.uk/mp.php?mpid=42251
41529,Jo,Stevens,Lab,https://www.publicwhip.org.uk/mp.php?mpid=41529
42526,Jo,Stevens,Lab,https://www.publicwhip.org.uk/mp.php?mpid=42526
42169,Jane,Stevenson,Con,https://www.publicwhip.org.uk/mp.php?mpid=42169
41398,John,Stevenson,Con,https://www.publicwhip.org.uk/mp.php?mpid=41398
42122,John,Stevenson,Con,https://www.publicwhip.org.uk/mp.php?mpid=42122
41746,Bob,Stewart,Con,https://www.publicwhip.org.uk/mp.php?mpid=41746
42457,Bob,Stewart,Con,https://www.publicwhip.org.uk/mp.php?mpid=42457
41895,Iain,Stewart,Con,https://www.publicwhip.org.uk/mp.php?mpid=41895
42637,Iain,Stewart,Con,https://www.publicwhip.org.uk/mp.php?mpid=42637
41925,Rory,Stewart,Con,https://www.publicwhip.org.uk/mp.php?mpid=41925
42074,Rory,Stewart,Independent,https://www.publicwhip.org.uk/mp.php?mpid=42074
41779,Jamie,Stone,LDem,https://www.publicwhip.org.uk/mp.php?mpid=41779
42646,Jamie,Stone,LDem,https://www.publicwhip.org.uk/mp.php?mpid=42646
41964,Gary,Streeter,Con,https://www.publicwhip.org.uk/mp.php?mpid=41964
42715,Gary,Streeter,Con,https://www.publicwhip.org.uk/mp.php?mpid=42715
41870,Wes,Streeting,Lab,https://www.publicwhip.org.uk/mp.php?mpid=41870
42643,Wes,Streeting,Lab,https://www.publicwhip.org.uk/mp.php?mpid=42643
41787,Mel,Stride,Con,https://www.publicwhip.org.uk/mp.php?mpid=41787
42613,Mel,Stride,Con,https://www.publicwhip.org.uk/mp.php?mpid=42613
41757,Graham,Stringer,Lab,https://www.publicwhip.org.uk/mp.php?mpid=41757
42554,Graham,Stringer,Lab,https://www.publicwhip.org.uk/mp.php?mpid=42554
41751,Graham,Stuart,Con,https://www.publicwhip.org.uk/mp.php?mpid=41751
42368,Graham,Stuart,Con,https://www.publicwhip.org.uk/mp.php?mpid=42368
42016,Julian,Sturdy,Con,https://www.publicwhip.org.uk/mp.php?mpid=42016
42610,Julian,Sturdy,Con,https://www.publicwhip.org.uk/mp.php?mpid=42610
42635,Zarah,Sultana,Lab,https://www.publicwhip.org.uk/mp.php?mpid=42635
41935,Rishi,Sunak,Con,https://www.publicwhip.org.uk/mp.php?mpid=41935
42455,Rishi,Sunak,Con,https://www.publicwhip.org.uk/mp.php?mpid=42455
42356,James,Sunderland,Con,https://www.publicwhip.org.uk/mp.php?mpid=42356
41668,Desmond,Swayne,Con,https://www.publicwhip.org.uk/mp.php?mpid=41668
42479,Desmond,Swayne,Con,https://www.publicwhip.org.uk/mp.php?mpid=42479
41601,Paul,Sweeney,Lab,https://www.publicwhip.org.uk/mp.php?mpid=41601
41555,Jo,Swinson,LDem,https://www.publicwhip.org.uk/mp.php?mpid=41555
41822,Hugo,Swire,Con,https://www.publicwhip.org.uk/mp.php?mpid=41822
41928,Robert,Syms,Con,https://www.publicwhip.org.uk/mp.php?mpid=41928
42687,Robert,Syms,Con,https://www.publicwhip.org.uk/mp.php?mpid=42687
41551,Mark,Tami,Lab,https://www.publicwhip.org.uk/mp.php?mpid=41551
42534,Mark,Tami,Lab,https://www.publicwhip.org.uk/mp.php?mpid=42534
42642,Sam,Tarry,Lab,https://www.publicwhip.org.uk/mp.php?mpid=42642
41600,Alison,Thewliss,SNP,https://www.publicwhip.org.uk/mp.php?mpid=41600
42580,Alison,Thewliss,SNP,https://www.publicwhip.org.uk/mp.php?mpid=42580
41971,Derek,Thomas,Con,https://www.publicwhip.org.uk/mp.php?mpid=41971
42726,Derek,Thomas,Con,https://www.publicwhip.org.uk/mp.php?mpid=42726
41724,Gareth,Thomas,Lab,https://www.publicwhip.org.uk/mp.php?mpid=41724
42452,Gareth,Thomas,Lab,https://www.publicwhip.org.uk/mp.php?mpid=42452
41434,Nick,Thomas-Symonds,Lab,https://www.publicwhip.org.uk/mp.php?mpid=41434
42234,Nick,Thomas-Symonds,Lab,https://www.publicwhip.org.uk/mp.php?mpid=42234
42261,Owen,Thompson,SNP,https://www.publicwhip.org.uk/mp.php?mpid=42261
42679,Richard,Thomson,SNP,https://www.publicwhip.org.uk/mp.php?mpid=42679
41733,Ross,Thomson,Con,https://www.publicwhip.org.uk/mp.php?mpid=41733
41602,Emily,Thornberry,Lab,https://www.publicwhip.org.uk/mp.php?mpid=41602
42254,Emily,Thornberry,Lab,https://www.publicwhip.org.uk/mp.php?mpid=42254
41441,Maggie,Throup,Con,https://www.publicwhip.org.uk/mp.php?mpid=41441
42278,Maggie,Throup,Con,https://www.publicwhip.org.uk/mp.php?mpid=42278
41705,Stephen,Timms,Lab,https://www.publicwhip.org.uk/mp.php?mpid=41705
42402,Stephen,Timms,Lab,https://www.publicwhip.org.uk/mp.php?mpid=42402
42344,Edward,Timpson,Con,https://www.publicwhip.org.uk/mp.php?mpid=42344
41937,Kelly,Tolhurst,Con,https://www.publicwhip.org.uk/mp.php?mpid=41937
42489,Kelly,Tolhurst,Con,https://www.publicwhip.org.uk/mp.php?mpid=42489
41375,Justin,Tomlinson,Con,https://www.publicwhip.org.uk/mp.php?mpid=41375
42085,Justin,Tomlinson,Con,https://www.publicwhip.org.uk/mp.php?mpid=42085
41892,Michael,Tomlinson,Con,https://www.publicwhip.org.uk/mp.php?mpid=41892
42692,Michael,Tomlinson,Con,https://www.publicwhip.org.uk/mp.php?mpid=42692
41417,Craig,Tracey,Con,https://www.publicwhip.org.uk/mp.php?mpid=41417
42302,Craig,Tracey,Con,https://www.publicwhip.org.uk/mp.php?mpid=42302
41612,David,Tredinnick,Con,https://www.publicwhip.org.uk/mp.php?mpid=41612
41748,Anne-Marie,Trevelyan,Con,https://www.publicwhip.org.uk/mp.php?mpid=41748
42551,Anne-Marie,Trevelyan,Con,https://www.publicwhip.org.uk/mp.php?mpid=42551
41860,Jon,Trickett,Lab,https://www.publicwhip.org.uk/mp.php?mpid=41860
42564,Jon,Trickett,Lab,https://www.publicwhip.org.uk/mp.php?mpid=42564
42319,Laura,Trott,Con,https://www.publicwhip.org.uk/mp.php?mpid=42319
41966,Elizabeth,Truss,Con,https://www.publicwhip.org.uk/mp.php?mpid=41966
42706,Elizabeth,Truss,Con,https://www.publicwhip.org.uk/mp.php?mpid=42706
41674,Thomas,Tugendhat,Con,https://www.publicwhip.org.uk/mp.php?mpid=41674
42606,Thomas,Tugendhat,Con,https://www.publicwhip.org.uk/mp.php?mpid=42606
41698,Anna,Turley,Lab,https://www.publicwhip.org.uk/mp.php?mpid=41698
41530,Karl,Turner,Lab,https://www.publicwhip.org.uk/mp.php?mpid=41530
42273,Karl,Turner,Lab,https://www.publicwhip.org.uk/mp.php?mpid=42273
41388,Derek,Twigg,Lab,https://www.publicwhip.org.uk/mp.php?mpid=41388
42087,Derek,Twigg,Lab,https://www.publicwhip.org.uk/mp.php?mpid=42087
41558,Stephen,Twigg,Lab,https://www.publicwhip.org.uk/mp.php?mpid=41558
41473,Liz,Twist,Lab,https://www.publicwhip.org.uk/mp.php?mpid=41473
42158,Liz,Twist,Lab,https://www.publicwhip.org.uk/mp.php?mpid=42158
41980,Chuka,Umunna,Lab,https://www.publicwhip.org.uk/mp.php?mpid=41980
42037,Chuka,Umunna,Independent,https://www.publicwhip.org.uk/mp.php?mpid=42037
42047,Chuka,Umunna,LDem,https://www.publicwhip.org.uk/mp.php?mpid=42047
41997,Ed,Vaizey,Con,https://www.publicwhip.org.uk/mp.php?mpid=41997
42066,Ed,Vaizey,Independent,https://www.publicwhip.org.uk/mp.php?mpid=42066
41669,Shailesh,Vara,Con,https://www.publicwhip.org.uk/mp.php?mpid=41669
42465,Shailesh,Vara,Con,https://www.publicwhip.org.uk/mp.php?mpid=42465
41879,Keith,Vaz,Lab,https://www.publicwhip.org.uk/mp.php?mpid=41879
41995,Valerie,Vaz,Lab,https://www.publicwhip.org.uk/mp.php?mpid=41995
42286,Valerie,Vaz,Lab,https://www.publicwhip.org.uk/mp.php?mpid=42286
41598,Martin,Vickers,Con,https://www.publicwhip.org.uk/mp.php?mpid=41598
42425,Martin,Vickers,Con,https://www.publicwhip.org.uk/mp.php?mpid=42425
42324,Matt,Vickers,Con,https://www.publicwhip.org.uk/mp.php?mpid=42324
41797,Theresa,Villiers,Con,https://www.publicwhip.org.uk/mp.php?mpid=41797
42698,Theresa,Villiers,Con,https://www.publicwhip.org.uk/mp.php?mpid=42698
42415,Christian,Wakeford,Con,https://www.publicwhip.org.uk/mp.php?mpid=42415
41380,Charles,Walker,Con,https://www.publicwhip.org.uk/mp.php?mpid=41380
42091,Charles,Walker,Con,https://www.publicwhip.org.uk/mp.php?mpid=42091
41640,Robin,Walker,Con,https://www.publicwhip.org.uk/mp.php?mpid=41640
42279,Robin,Walker,Con,https://www.publicwhip.org.uk/mp.php?mpid=42279
41799,Thelma,Walker,Lab,https://www.publicwhip.org.uk/mp.php?mpid=41799
42014,Ben,Wallace,Con,https://www.publicwhip.org.uk/mp.php?mpid=42014
42467,Ben,Wallace,Con,https://www.publicwhip.org.uk/mp.php?mpid=42467
42248,Jamie,Wallis,Con,https://www.publicwhip.org.uk/mp.php?mpid=42248
41955,David,Warburton,Con,https://www.publicwhip.org.uk/mp.php?mpid=41955
42703,David,Warburton,Con,https://www.publicwhip.org.uk/mp.php?mpid=42703
41761,Matt,Warman,Con,https://www.publicwhip.org.uk/mp.php?mpid=41761
42602,Matt,Warman,Con,https://www.publicwhip.org.uk/mp.php?mpid=42602
41627,Giles,Watling,Con,https://www.publicwhip.org.uk/mp.php?mpid=41627
42307,Giles,Watling,Con,https://www.publicwhip.org.uk/mp.php?mpid=42307
41406,Tom,Watson,Lab,https://www.publicwhip.org.uk/mp.php?mpid=41406
42711,Suzanne,Webb,Con,https://www.publicwhip.org.uk/mp.php?mpid=42711
42111,Claudia,Webbe,Lab,https://www.publicwhip.org.uk/mp.php?mpid=42111
41866,Catherine,West,Lab,https://www.publicwhip.org.uk/mp.php?mpid=41866
42550,Catherine,West,Lab,https://www.publicwhip.org.uk/mp.php?mpid=42550
41999,Matt,Western,Lab,https://www.publicwhip.org.uk/mp.php?mpid=41999
42557,Matt,Western,Lab,https://www.publicwhip.org.uk/mp.php?mpid=42557
41839,Helen,Whately,Con,https://www.publicwhip.org.uk/mp.php?mpid=41839
42473,Helen,Whately,Con,https://www.publicwhip.org.uk/mp.php?mpid=42473
41700,Heather,Wheeler,Con,https://www.publicwhip.org.uk/mp.php?mpid=41700
42406,Heather,Wheeler,Con,https://www.publicwhip.org.uk/mp.php?mpid=42406
41969,Alan,Whitehead,Lab,https://www.publicwhip.org.uk/mp.php?mpid=41969
42648,Alan,Whitehead,Lab,https://www.publicwhip.org.uk/mp.php?mpid=42648
41663,Martin,Whitfield,Lab,https://www.publicwhip.org.uk/mp.php?mpid=41663
41786,Philippa,Whitford,SNP,https://www.publicwhip.org.uk/mp.php?mpid=41786
42650,Philippa,Whitford,SNP,https://www.publicwhip.org.uk/mp.php?mpid=42650
42112,Mick,Whitley,Lab,https://www.publicwhip.org.uk/mp.php?mpid=42112
41780,Craig,Whittaker,Con,https://www.publicwhip.org.uk/mp.php?mpid=41780
42608,Craig,Whittaker,Con,https://www.publicwhip.org.uk/mp.php?mpid=42608
41635,John,Whittingdale,Con,https://www.publicwhip.org.uk/mp.php?mpid=41635
42627,John,Whittingdale,Con,https://www.publicwhip.org.uk/mp.php?mpid=42627
42304,Nadia,Whittome,Lab,https://www.publicwhip.org.uk/mp.php?mpid=42304
41910,Bill,Wiggin,Con,https://www.publicwhip.org.uk/mp.php?mpid=41910
42538,Bill,Wiggin,Con,https://www.publicwhip.org.uk/mp.php?mpid=42538
42382,James,Wild,Con,https://www.publicwhip.org.uk/mp.php?mpid=42382
42360,Craig,Williams,Con,https://www.publicwhip.org.uk/mp.php?mpid=42360
41449,Hywel,Williams,PC,https://www.publicwhip.org.uk/mp.php?mpid=41449
42315,Hywel,Williams,PC,https://www.publicwhip.org.uk/mp.php?mpid=42315
41455,Paul,Williams,Lab,https://www.publicwhip.org.uk/mp.php?mpid=41455
41810,Chris,Williamson,Lab,https://www.publicwhip.org.uk/mp.php?mpid=41810
42051,Chris,Williamson,Independent,https://www.publicwhip.org.uk/mp.php?mpid=42051
42053,Chris,Williamson,Independent,https://www.publicwhip.org.uk/mp.php?mpid=42053
41960,Gavin,Williamson,Con,https://www.publicwhip.org.uk/mp.php?mpid=41960
42485,Gavin,Williamson,Con,https://www.publicwhip.org.uk/mp.php?mpid=42485
42214,Munira,Wilson,LDem,https://www.publicwhip.org.uk/mp.php?mpid=42214
41656,Phil,Wilson,Lab,https://www.publicwhip.org.uk/mp.php?mpid=41656
41589,Sammy,Wilson,DUP,https://www.publicwhip.org.uk/mp.php?mpid=41589
42393,Sammy,Wilson,DUP,https://www.publicwhip.org.uk/mp.php?mpid=42393
42237,Beth,Winter,Lab,https://www.publicwhip.org.uk/mp.php?mpid=42237
42330,Rosie,Winterton,Lab,https://www.publicwhip.org.uk/mp.php?mpid=42330
41654,Pete,Wishart,SNP,https://www.publicwhip.org.uk/mp.php?mpid=41654
42190,Pete,Wishart,SNP,https://www.publicwhip.org.uk/mp.php?mpid=42190
41989,Sarah,Wollaston,Con,https://www.publicwhip.org.uk/mp.php?mpid=41989
42042,Sarah,Wollaston,Independent,https://www.publicwhip.org.uk/mp.php?mpid=42042
42049,Sarah,Wollaston,LDem,https://www.publicwhip.org.uk/mp.php?mpid=42049
41817,Mike,Wood,Con,https://www.publicwhip.org.uk/mp.php?mpid=41817
42583,Mike,Wood,Con,https://www.publicwhip.org.uk/mp.php?mpid=42583
41742,John,Woodcock,Lab,https://www.publicwhip.org.uk/mp.php?mpid=41742
42024,John,Woodcock,Independent,https://www.publicwhip.org.uk/mp.php?mpid=42024
41859,William,Wragg,Con,https://www.publicwhip.org.uk/mp.php?mpid=41859
42371,William,Wragg,Con,https://www.publicwhip.org.uk/mp.php?mpid=42371
41603,Jeremy,Wright,Con,https://www.publicwhip.org.uk/mp.php?mpid=41603
42352,Jeremy,Wright,Con,https://www.publicwhip.org.uk/mp.php?mpid=42352
41660,Mohammad,Yasin,Lab,https://www.publicwhip.org.uk/mp.php?mpid=41660
42596,Mohammad,Yasin,Lab,https://www.publicwhip.org.uk/mp.php?mpid=42596
42168,Jacob,Young,Con,https://www.publicwhip.org.uk/mp.php?mpid=42168
41420,Nadhim,Zahawi,Con,https://www.publicwhip.org.uk/mp.php?mpid=41420
42132,Nadhim,Zahawi,Con,https://www.publicwhip.org.uk/mp.php?mpid=42132
41613,Daniel,Zeichner,Lab,https://www.publicwhip.org.uk/mp.php?mpid=41613
42506,Daniel,Zeichner,Lab,https://www.publicwhip.org.uk/mp.php?mpid=42506